datensatz;variable;oberthema;unterthema;umfrage_item;itemformulierung;var_typ;umfrage_filter;skalen_berechnung;quelle;status;value_label_key
qm_sekII;Abb_and;Werdegang;;Welche Aussage trifft auf Sie zu? (Mehrfachnennungen möglich) Ich habe …;eine andere Ausbildung/Tätigkeit abgebrochen;Item-Gruppe: Art von abgebrochener Ausbildung/Tätigkeit;Abbruch = 1;;Eigenkonstruktion des IVM/des IFES;aktiv;kreuz
qm_sekII;Abb_beru;Werdegang;;Welche Aussage trifft auf Sie zu? (Mehrfachnennungen möglich) Ich habe …;die Erwerbstätigkeit im erlernten Beruf abgebrochen;Item-Gruppe: Art von abgebrochener Ausbildung/Tätigkeit;Abbruch = 1;;Eigenkonstruktion des IVM/des IFES;aktiv;kreuz
qm_sekII;Abb_bms;Werdegang;;Welche Aussage trifft auf Sie zu? (Mehrfachnennungen möglich) Ich habe …;die Berufsmaturitätsschule abgebrochen;Item-Gruppe: Art von abgebrochener Ausbildung/Tätigkeit;Abbruch = 1;;Eigenkonstruktion des IVM/des IFES;aktiv;kreuz
qm_sekII;Abb_firma;Werdegang;;Welche Aussage trifft auf Sie zu? (Mehrfachnennungen möglich) Ich habe …;eine firmeninterne Ausbildung abgebrochen;Item-Gruppe: Art von abgebrochener Ausbildung/Tätigkeit;Abbruch = 1;;Eigenkonstruktion des IVM/des IFES;aktiv;kreuz
qm_sekII;Abb_lehre;Werdegang;;Welche Aussage trifft auf Sie zu? (Mehrfachnennungen möglich) Ich habe …;eine Berufliche Grundbildung (Lehre) abgebrochen;Item-Gruppe: Art von abgebrochener Ausbildung/Tätigkeit;Abbruch = 1;;Eigenkonstruktion des IVM/des IFES;aktiv;kreuz
qm_sekII;Abb_pass;Werdegang;;Welche Aussage trifft auf Sie zu? (Mehrfachnennungen möglich) Ich habe …;die Passerelle Berufsmaturiät – universitäre Hochschule abgebrochen;Item-Gruppe: Art von abgebrochener Ausbildung/Tätigkeit;Abbruch = 1;;Eigenkonstruktion des IVM/des IFES;aktiv;kreuz
qm_sekII;Abb_prakt;Werdegang;;Welche Aussage trifft auf Sie zu? (Mehrfachnennungen möglich) Ich habe …;ein Praktikum abgebrochen;Item-Gruppe: Art von abgebrochener Ausbildung/Tätigkeit;Abbruch = 1;;Eigenkonstruktion des IVM/des IFES;aktiv;kreuz
qm_sekII;Abb_sfach;Werdegang;;Welche Aussage trifft auf Sie zu? (Mehrfachnennungen möglich) Ich habe …;das Studienfach gewechselt;Item-Gruppe: Art von abgebrochener Ausbildung/Tätigkeit;Abbruch = 1;;Eigenkonstruktion des IVM/des IFES;aktiv;kreuz
qm_sekII;Abb_stufh;Werdegang;;Welche Aussage trifft auf Sie zu? (Mehrfachnennungen möglich) Ich habe …;ein Studium an einer Fachhochschule (ohne Pädagogische Hochschule) abgebrochen;Item-Gruppe: Art von abgebrochener Ausbildung/Tätigkeit;Abbruch = 1;;Eigenkonstruktion des IVM/des IFES;aktiv;kreuz
qm_sekII;Abb_stuhf;Werdegang;;Welche Aussage trifft auf Sie zu? (Mehrfachnennungen möglich) Ich habe …;ein Studium an einer höheren Fachschule bzw. eine höhere berufliche Bildung abgebrochen;Item-Gruppe: Art von abgebrochener Ausbildung/Tätigkeit;Abbruch = 1;;Eigenkonstruktion des IVM/des IFES;aktiv;kreuz
qm_sekII;Abb_stuph;Werdegang;;Welche Aussage trifft auf Sie zu? (Mehrfachnennungen möglich) Ich habe …;ein Studium an einer Pädagogischen Hochschule abgebrochen;Item-Gruppe: Art von abgebrochener Ausbildung/Tätigkeit;Abbruch = 1;;Eigenkonstruktion des IVM/des IFES;aktiv;kreuz
qm_sekII;Abb_stuuni;Werdegang;;Welche Aussage trifft auf Sie zu? (Mehrfachnennungen möglich) Ich habe …;ein Studium an einer Universität oder ETH / EPFL abgebrochen;Item-Gruppe: Art von abgebrochener Ausbildung/Tätigkeit;Abbruch = 1;;Eigenkonstruktion des IVM/des IFES;aktiv;kreuz
qm_sekII;Abbruch;Werdegang;;"Haben Sie seit dem Schulabschluss eine auf längere Frist geplante Ausbildung/Tätigkeit abgebrochen (z.B. Studium / Praktikum abgebrochen, aufgehört zu arbeiten im erlernten Beruf, Studienfach gewechselt)? 
Tätigkeiten, die von Beginn als Zwischenphase/Überbrückung geplant waren, gehören nicht dazu und sind demzufolge nicht zu berücksichtigen.";;Einzelitem: Abbruch einer Ausbildung/Tätigkeit;;;Eigenkonstruktion des IVM;aktiv;kreuz
qm_sekII;Abzweisp;Statistische Angaben;;Schliessen Sie die Schule mit einem zweisprachigen Abschluss ab?;;Einzelitem: Zweisprachiger Schulabschluss;school_type_id = 1, 3, 4, 5, 8;;Eigenkonstruktion des IVM;aktiv;zweischprach
qm_sekII;Agru_and;Werdegang;;Was waren die Gründe für den Studienfachwechsel bzw. für den Abbruch der Ausbildung/Tätigkeit? (Mehrfachnennungen möglich);Andere Gründe,;Item-Gruppe: Gründe für Abbruch einer Ausbildung/Tätigkeit;Abbruch = 1;;Eigenkonstruktion des IVM;aktiv;kreuz
qm_sekII;Agru_anf;Werdegang;;Was waren die Gründe für den Studienfachwechsel bzw. für den Abbruch der Ausbildung/Tätigkeit? (Mehrfachnennungen möglich);Zu hohe Anforderungen;Item-Gruppe: Gründe für Abbruch einer Ausbildung/Tätigkeit;Abbruch = 1;;Eigenkonstruktion des IVM;aktiv;kreuz
qm_sekII;Agru_bela;Werdegang;;Was waren die Gründe für den Studienfachwechsel bzw. für den Abbruch der Ausbildung/Tätigkeit? (Mehrfachnennungen möglich);Zu grosse Belastung;Item-Gruppe: Gründe für Abbruch einer Ausbildung/Tätigkeit;Abbruch = 1;;Eigenkonstruktion des IVM;aktiv;kreuz
qm_sekII;Agru_falsch;Werdegang;;Was waren die Gründe für den Studienfachwechsel bzw. für den Abbruch der Ausbildung/Tätigkeit? (Mehrfachnennungen möglich);Falsche Erwartungen an Fach/Ausbildung/Erwerbstätigkeit;Item-Gruppe: Gründe für Abbruch einer Ausbildung/Tätigkeit;Abbruch = 1;;Eigenkonstruktion des IVM;aktiv;kreuz
qm_sekII;Agru_fina;Werdegang;;Was waren die Gründe für den Studienfachwechsel bzw. für den Abbruch der Ausbildung/Tätigkeit? (Mehrfachnennungen möglich);Finanzielle Gründe;Item-Gruppe: Gründe für Abbruch einer Ausbildung/Tätigkeit;Abbruch = 1;;Eigenkonstruktion des IVM;aktiv;kreuz
qm_sekII;Agru_int;Werdegang;;Was waren die Gründe für den Studienfachwechsel bzw. für den Abbruch der Ausbildung/Tätigkeit? (Mehrfachnennungen möglich);Neu gewecktes Interesse an jetzigem Studium/Beruf/Ausbildung;Item-Gruppe: Gründe für Abbruch einer Ausbildung/Tätigkeit;Abbruch = 1;;Eigenkonstruktion des IVM;aktiv;kreuz
qm_sekII;Agru_miss;Werdegang;;Was waren die Gründe für den Studienfachwechsel bzw. für den Abbruch der Ausbildung/Tätigkeit? (Mehrfachnennungen möglich);Prüfungsmisserfolg;Item-Gruppe: Gründe für Abbruch einer Ausbildung/Tätigkeit;Abbruch = 1;;Eigenkonstruktion des IVM;aktiv;kreuz
qm_sekII;Agru_unbe;Werdegang;;Was waren die Gründe für den Studienfachwechsel bzw. für den Abbruch der Ausbildung/Tätigkeit? (Mehrfachnennungen möglich);Unbefriedigende Ausbildungssituation;Item-Gruppe: Gründe für Abbruch einer Ausbildung/Tätigkeit;Abbruch = 1;;Eigenkonstruktion des IVM;aktiv;kreuz
qm_sekII;Agrund_and;Werdegang;;Wieso haben Sie sich für Ihre jetzige Ausbildung entschieden? (Mehrfachnennung möglich);Andere Gründe;Item-Gruppe: Gründe für Wahl der Ausbildung;;;Eigenkonstruktion des IVM;aktiv;kreuz
qm_sekII;Agrund_aus;Werdegang;;Wieso haben Sie sich für Ihre jetzige Ausbildung entschieden? (Mehrfachnennung möglich);Voraussetzung für eine zukünftige Ausbildung;Item-Gruppe: Gründe für Wahl der Ausbildung;;;Eigenkonstruktion des IVM;aktiv;kreuz
qm_sekII;Agrund_auss;Werdegang;;Wieso haben Sie sich für Ihre jetzige Ausbildung entschieden? (Mehrfachnennung möglich);Stellenaussichten später;Item-Gruppe: Gründe für Wahl der Ausbildung;;;Eigenkonstruktion des IVM;aktiv;kreuz
qm_sekII;Agrund_bb;Werdegang;;Wieso haben Sie sich für Ihre jetzige Ausbildung entschieden? (Mehrfachnennung möglich);Empfehlung durch Studien- und Berufsberatung;Item-Gruppe: Gründe für Wahl der Ausbildung;;;Eigenkonstruktion des IVM;aktiv;kreuz
qm_sekII;Agrund_bega;Werdegang;;Wieso haben Sie sich für Ihre jetzige Ausbildung entschieden? (Mehrfachnennung möglich);Eigene Begabungen;Item-Gruppe: Gründe für Wahl der Ausbildung;;;Eigenkonstruktion des IVM;aktiv;kreuz
qm_sekII;Agrund_elt;Werdegang;;Wieso haben Sie sich für Ihre jetzige Ausbildung entschieden? (Mehrfachnennung möglich);Empfehlung von Eltern/Familie;Item-Gruppe: Gründe für Wahl der Ausbildung;;;Eigenkonstruktion des IVM;aktiv;kreuz
qm_sekII;Agrund_frei;Werdegang;;Wieso haben Sie sich für Ihre jetzige Ausbildung entschieden? (Mehrfachnennung möglich);Freiheit in der Gestaltung der Fächerkombination;Item-Gruppe: Gründe für Wahl der Ausbildung;;;Eigenkonstruktion des IVM;aktiv;kreuz
qm_sekII;Agrund_freud;Werdegang;;Wieso haben Sie sich für Ihre jetzige Ausbildung entschieden? (Mehrfachnennung möglich);Interesse/Freude am Fach;Item-Gruppe: Gründe für Wahl der Ausbildung;;;Eigenkonstruktion des IVM;aktiv;kreuz
qm_sekII;Agrund_gesel;Werdegang;;Wieso haben Sie sich für Ihre jetzige Ausbildung entschieden? (Mehrfachnennung möglich);Gesellschaftliche Anerkennung;Item-Gruppe: Gründe für Wahl der Ausbildung;;;Eigenkonstruktion des IVM;aktiv;kreuz
qm_sekII;Agrund_klar;Werdegang;;Wieso haben Sie sich für Ihre jetzige Ausbildung entschieden? (Mehrfachnennung möglich);Klare Struktur und klarer Aufbau des Studiums;Item-Gruppe: Gründe für Wahl der Ausbildung;;;Eigenkonstruktion des IVM;aktiv;kreuz
qm_sekII;Agrund_kol;Werdegang;;Wieso haben Sie sich für Ihre jetzige Ausbildung entschieden? (Mehrfachnennung möglich);Empfehlung von Kolleginnen/Kollegen;Item-Gruppe: Gründe für Wahl der Ausbildung;;;Eigenkonstruktion des IVM;aktiv;kreuz
qm_sekII;Agrund_kurz;Werdegang;;Wieso haben Sie sich für Ihre jetzige Ausbildung entschieden? (Mehrfachnennung möglich);Kurze Studiendauer;Item-Gruppe: Gründe für Wahl der Ausbildung;;;Eigenkonstruktion des IVM;aktiv;kreuz
qm_sekII;Agrund_lohn;Werdegang;;Wieso haben Sie sich für Ihre jetzige Ausbildung entschieden? (Mehrfachnennung möglich);Spätere gute Verdienstmöglichkeiten;Item-Gruppe: Gründe für Wahl der Ausbildung;;;Eigenkonstruktion des IVM;aktiv;kreuz
qm_sekII;Agrund_schu;Werdegang;;Wieso haben Sie sich für Ihre jetzige Ausbildung entschieden? (Mehrfachnennung möglich);Einfluss des Gymnasiums / der Berufsfachschule / der Berufsmittelschule / der Fachmittelschule / der Handels-, Wirtschaft- oder Informatikmittelschule und seiner Lehrpersonen;Item-Gruppe: Gründe für Wahl der Ausbildung;;;Eigenkonstruktion des IVM;aktiv;kreuz
qm_sekII;Agrund_wert;Werdegang;;Wieso haben Sie sich für Ihre jetzige Ausbildung entschieden? (Mehrfachnennung möglich);Persönliche Wertvorstellungen;Item-Gruppe: Gründe für Wahl der Ausbildung;;;Eigenkonstruktion des IVM;aktiv;kreuz
qm_sekII;Aktiv_aktu;Prozess;Unterricht;Wie viel können Sie selber aktiv sein im Unterricht?;Wir werden oft aufgefordert, unser Wissen auf aktuelle Ereignisse und alltägliche Situationen anzuwenden.;Skala: Selbstaktivität;school_type_id = 1, 4, 5;Mean, Ausschluss wenn Missings >2;Mittelschulerhebung 2004 (Leutwyler & Maag Merki, 2004. Indikatoren zu Kontextmerkmalen gymnasialer Bildung. Perspektive der Schülerinnen und Schüler. Skalen- und Itemdokumentation.), Selbstaktivität (2 von 4 Items), Elaboration (2 von 5 Items);aktiv;likert6_zutreffen
qm_sekII;Aktiv_eigen;Prozess;Unterricht;Wie viel können Sie selber aktiv sein im Unterricht?;Im Unterricht gibt es für uns Schülerinnen und Schüler immer wieder Gelegenheiten, eigene Ideen zu realisieren.;Skala: Selbstaktivität;school_type_id = 1, 4, 5;Mean, Ausschluss wenn Missings >2;Mittelschulerhebung 2004 (Leutwyler & Maag Merki, 2004. Indikatoren zu Kontextmerkmalen gymnasialer Bildung. Perspektive der Schülerinnen und Schüler. Skalen- und Itemdokumentation.), Selbstaktivität (2 von 4 Items), Elaboration (2 von 5 Items);aktiv;likert6_zutreffen
qm_sekII;Aktiv_selber;Prozess;Unterricht;Wie viel können Sie selber aktiv sein im Unterricht?;Von uns Schülerinnen und Schülern wird oft verlangt, etwas selber darzustellen, zu analysieren oder zu beurteilen.;Skala: Selbstaktivität;school_type_id = 1, 4, 5;Mean, Ausschluss wenn Missings >2;Mittelschulerhebung 2004 (Leutwyler & Maag Merki, 2004. Indikatoren zu Kontextmerkmalen gymnasialer Bildung. Perspektive der Schülerinnen und Schüler. Skalen- und Itemdokumentation.), Selbstaktivität (2 von 4 Items), Elaboration (2 von 5 Items);aktiv;likert6_zutreffen
qm_sekII;Aktiv_sorg;Prozess;Unterricht;Wie viel können Sie selber aktiv sein im Unterricht?;Wir werden darin unterstützt, uns mit Texten sorgfältig auseinanderzusetzen.;Skala: Selbstaktivität;school_type_id = 1, 4, 5;Mean, Ausschluss wenn Missings >2;Mittelschulerhebung 2004 (Leutwyler & Maag Merki, 2004. Indikatoren zu Kontextmerkmalen gymnasialer Bildung. Perspektive der Schülerinnen und Schüler. Skalen- und Itemdokumentation.), Selbstaktivität (2 von 4 Items), Elaboration (2 von 5 Items);aktiv;likert6_zutreffen
qm_sekII;Aktiv_thema_a;Prozess;Unterricht;Wie gestalten die Lehrpersonen den Unterricht an Ihrer Schule?;Unsere Lehrpersonen geben uns oft die Gelegenheit, ein Thema selbständig zu bearbeiten.;Einzelitem: Förderung der Selbstaktivität;school_type_id = 3, 8, 9;;Eigenkonstruktion IFES IPES.;aktiv;likert6_zutreffen
qm_sekII;Aktlerntr_a;Prozess;Unterricht;Wie gestalten die Lehrpersonen den Unterricht an Ihrer Schule?;Was wir im Unterricht lernen, erklären uns die Lehrpersonen an praxisnahen Beispielen.;Einzelitem: Aktiver Lerntransfer im Unterricht;school_type_id = 3, 8;;Eigenkonstruktion IFES IPES.;aktiv;likert6_zutreffen
qm_sekII;Aktlerntr_b;Prozess;Unterricht;Wie gestalten die Lehrpersonen den Unterricht an Ihrer Schule?;Im Unterricht lernen wir mit Beispielen, die ich verstehe.;Einzelitem: Förderung des aktiven Lerntransfers im Unterricht;school_type_id = 9;;Eigenkonstruktion IFES IPES.;aktiv;likert6_zutreffen
qm_sekII;AnlkompLP_a;Input;Lehrpersonenexpertise;Wie erleben Sie Ihre Lehrpersonen im Unterricht?;Meine Lehrpersonen geben klare Anleitungen.;Einzelitem: Anleitungskompetenzen der Lehrpersonen;school_type_id = 3, 8;;Eigenkonstruktion IFES IPES in Anlehnung an Mayr, Eder und Fartacek (2005. Linzer Diagnosebogen zur Klassenführung (LDK)).;aktiv;likert6_lehrp
qm_sekII;Anst_best;Input;Individuelle Eingangsvoraussetzungen der Schülerinnen und Schüler;Wie beurteilen Sie Ihr eigenes Lernverhalten?;Wenn ich lerne, gebe ich mein Bestes.;Skala: Eigene Anstrengung;school_type_id = 1, 4, 5;Mean, Ausschluss wenn Missings >2;1) PISA 2000 (Kunter, M. et al., 2002, S.117. PISA 2000 - Dokumentation der Erhebungsinstrumente) (2 von 4 Items), 2) EVAMAR (Befragung Abschlussklassen. Bern: Amt für Bildungsforschung);aktiv;likert6_zutreffen
qm_sekII;Anst_schwierig;Input;Individuelle Eingangsvoraussetzungen der Schülerinnen und Schüler;Wie beurteilen Sie Ihr eigenes Lernverhalten?;Wenn ich lerne, arbeite ich auch dann weiter, wenn der Stoff schwierig ist.;Skala: Eigene Anstrengung;school_type_id = 1, 4, 5;Mean, Ausschluss wenn Missings >2;1) PISA 2000 (Kunter, M. et al., 2002, S.117. PISA 2000 - Dokumentation der Erhebungsinstrumente) (2 von 4 Items), 2) EVAMAR (Befragung Abschlussklassen. Bern: Amt für Bildungsforschung);aktiv;likert6_zutreffen
qm_sekII;Anst_schwierig_a;Input;Individuelle Eingangsvoraussetzungen der Lernenden;Wie beurteilen Sie Ihr eigenes Lernverhalten?;Ich arbeite auch dann weiter, wenn der Unterrichtsstoff schwierig ist.;Skala: Eigene Anstrengung;school_type_id = 3, 8;Mean, Ausschluss wenn Missings >2;1) PISA 2000 (Kunter, M. et al., 2002, S.117. PISA 2000 - Dokumentation der Erhebungsinstrumente) (2 von 4 Items), 2) EVAMAR (Befragung Abschlussklassen. Bern: Amt für Bildungsforschung);aktiv;likert6_zutreffen
qm_sekII;Anst_sehr;Input;Individuelle Eingangsvoraussetzungen der Schülerinnen und Schüler;Wie beurteilen Sie Ihr eigenes Lernverhalten?;Ich strenge mich in der Schule sehr an.;Skala: Eigene Anstrengung;school_type_id = 1, 4, 5;Mean, Ausschluss wenn Missings >2;1) PISA 2000 (Kunter, M. et al., 2002, S.117. PISA 2000 - Dokumentation der Erhebungsinstrumente) (2 von 4 Items), 2) EVAMAR (Befragung Abschlussklassen. Bern: Amt für Bildungsforschung);aktiv;likert6_zutreffen
qm_sekII;Anst_sehr_a;Input;Individuelle Eingangsvoraussetzungen der Lernenden;Wie beurteilen Sie Ihr eigenes Lernverhalten?;Ich strenge mich in der Schule an.;Skala: Eigene Anstrengung;school_type_id = 3, 8, 9;Mean, Ausschluss wenn Missings >2;1) PISA 2000 (Kunter, M. et al., 2002, S.117. PISA 2000 - Dokumentation der Erhebungsinstrumente) (2 von 4 Items), 2) EVAMAR (Befragung Abschlussklassen. Bern: Amt für Bildungsforschung);aktiv;likert6_zutreffen
qm_sekII;Anst_voll;Input;Individuelle Eingangsvoraussetzungen der Schülerinnen und Schüler;Wie beurteilen Sie Ihr eigenes Lernverhalten?;In der Schule bin ich meistens voll bei der Sache.;Skala: Eigene Anstrengung;school_type_id = 1, 4, 5;Mean, Ausschluss wenn Missings >2;1) PISA 2000 (Kunter, M. et al., 2002, S.117. PISA 2000 - Dokumentation der Erhebungsinstrumente) (2 von 4 Items), 2) EVAMAR (Befragung Abschlussklassen. Bern: Amt für Bildungsforschung);aktiv;likert6_zutreffen
qm_sekII;Anst_voll_a;Input;Individuelle Eingangsvoraussetzungen der Lernenden;Wie beurteilen Sie Ihr eigenes Lernverhalten?;Ich bin in der Schule voll bei der Sache.;Skala: Eigene Anstrengung;school_type_id = 3, 8;Mean, Ausschluss wenn Missings >2;1) PISA 2000 (Kunter, M. et al., 2002, S.117. PISA 2000 - Dokumentation der Erhebungsinstrumente) (2 von 4 Items), 2) EVAMAR (Befragung Abschlussklassen. Bern: Amt für Bildungsforschung);aktiv;likert6_zutreffen
qm_sekII;Art_egrup;Statistische Angaben;Fragen zu Austausch und Mobilität (Movetia);An welcher Art und an wie vielen Austausch- und Mobilitätsaktivitäten haben Sie teilgenommen? (Mehrfachantworten möglich);eine Gruppenmobilität;Item-Gruppe: Art des Austausches / der Mobilität;filter_movetia = 1;;Movetia;aktiv;kreuz
qm_sekII;Art_meinz;Statistische Angaben;Fragen zu Austausch und Mobilität (Movetia);An welcher Art und an wie vielen Austausch- und Mobilitätsaktivitäten haben Sie teilgenommen? (Mehrfachantworten möglich);Mehr als zwei Einzelmobilitäten;Item-Gruppe: Art des Austausches / der Mobilität;filter_movetia = 1;;Movetia;aktiv;kreuz
qm_sekII;Art_mgrup;Statistische Angaben;Fragen zu Austausch und Mobilität (Movetia);An welcher Art und an wie vielen Austausch- und Mobilitätsaktivitäten haben Sie teilgenommen? (Mehrfachantworten möglich);Mehr als 2 Gruppenmobilität;Item-Gruppe: Art des Austausches / der Mobilität;filter_movetia = 1;;Movetia;aktiv;kreuz
qm_sekII;Art_prakt;Statistische Angaben;Fragen zu Austausch und Mobilität (Movetia);An welcher Art und an wie vielen Austausch- und Mobilitätsaktivitäten haben Sie teilgenommen? (Mehrfachantworten möglich);Einzelmobilität als Praktikum;Item-Gruppe: Art des Austausches / der Mobilität;filter_movetia = 1;;Movetia;aktiv;kreuz
qm_sekII;Art_schule;Statistische Angaben;Fragen zu Austausch und Mobilität (Movetia);An welcher Art und an wie vielen Austausch- und Mobilitätsaktivitäten haben Sie teilgenommen? (Mehrfachantworten möglich);Einzelmobilität durch Besuch der lokalen Schule;Item-Gruppe: Art des Austausches / der Mobilität;filter_movetia = 1;;Movetia;aktiv;kreuz
qm_sekII;Art_sprach;Statistische Angaben;Fragen zu Austausch und Mobilität (Movetia);An welcher Art und an wie vielen Austausch- und Mobilitätsaktivitäten haben Sie teilgenommen? (Mehrfachantworten möglich);Einzelmobilität in einer Sprachschule;Item-Gruppe: Art des Austausches / der Mobilität;filter_movetia = 1;;Movetia;aktiv;kreuz
qm_sekII;Art_zeinz;Statistische Angaben;Fragen zu Austausch und Mobilität (Movetia);An welcher Art und an wie vielen Austausch- und Mobilitätsaktivitäten haben Sie teilgenommen? (Mehrfachantworten möglich);zwei Einzelmobilitäten;Item-Gruppe: Art des Austausches / der Mobilität;filter_movetia = 1;;Movetia;aktiv;kreuz
qm_sekII;Art_zgrup;Statistische Angaben;Fragen zu Austausch und Mobilität (Movetia);An welcher Art und an wie vielen Austausch- und Mobilitätsaktivitäten haben Sie teilgenommen? (Mehrfachantworten möglich);zwei Gruppenmobilitäten;Item-Gruppe: Art des Austausches / der Mobilität;filter_movetia = 1;;Movetia;aktiv;kreuz
qm_sekII;Ausbild_;Statistische Angaben;;Welche Art der Ausbildung absolvieren Sie?;;Einzelitem: Art der Ausbildung  (nur BfS);school_type_id = 3, 8;;;Item erhoben bis 2016;cat_ausbild
qm_sekII;BM_Typ;Statistische Angaben;Statistische Angaben aus XLS-Uploads Teilnehmerliste;Art der Ausbildung der Lernenden;;Einzelitem: Art der Ausbildung;school_type_id = 3;;;aktiv;bm_typ
qm_sekII;Beginn;Werdegang;;Wann haben Sie mit Ihrer momentanen Ausbildung/Tätigkeit begonnen?;;Einzelitem: Beginn mit momentaner Tätigkeit;;;Eigenkonstruktion des IVM/des IFES;aktiv;beginn_taet
qm_sekII;Berfeld;Werdegang;;In welchem Berufsfeld sind Sie tätig oder werden Sie ausgebildet?;;Einzelitem: Berufsfeld;;;Eigenkonstruktion des IVM;aktiv;berfeld
qm_sekII;Beruf;Statistische Angaben;Statistische Angaben aus XLS-Uploads Teilnehmerliste;Berufsnummern gemäss Verzeichnisse des SBFI;;Einzelitem: Berufliche Bildung (nur BfS);school_type_id = 3, 8, 9;;https://www.becc.admin.ch/becc/public/bvz/beruf/showAllActive;aktiv;sbfi_berufe
qm_sekII;Bll_freude;Prozess;Soziale Beziehungen;Wie erleben Sie das Klima in Ihrer Klasse?;Wenn jemand einen Fehler macht oder eine schlechte Leistung erbringt, freuen sich die anderen.;Skala: Interaktion zwischen Schülerinnen und Schülern;school_type_id = 1, 4, 5;Mean, Ausschluss wenn Missings >2;1) Mittelschulerhebung 2004 (Leutwyler & Maag Merki, 2004. Indikatoren zu Kontextmerkmalen gymnasialer Bildung. Perspektive der Schülerinnen und Schüler. Skalen- und Itemdokumentation), Lehrpersonen-Schüler/innen-Beziehung (4 von 6 Items);aktiv;likert6_zutreffen
qm_sekII;Bll_helf;Prozess;Soziale Beziehungen;Wie erleben Sie das Klima in Ihrer Klasse?;Die meisten Schülerinnen und Schüler in unserer Klasse helfen einander gegenseitig im Unterricht.;Skala: Interaktion zwischen Schülerinnen und Schülern;school_type_id = 1, 4, 5;Mean, Ausschluss wenn Missings >2;1) Mittelschulerhebung 2004 (Leutwyler & Maag Merki, 2004. Indikatoren zu Kontextmerkmalen gymnasialer Bildung. Perspektive der Schülerinnen und Schüler. Skalen- und Itemdokumentation), Lehrpersonen-Schüler/innen-Beziehung (4 von 6 Items);aktiv;likert6_zutreffen
qm_sekII;Bll_ober;Prozess;Soziale Beziehungen;Wie erleben Sie das Klima in Ihrer Klasse?;Freundschaften zwischen den Schülerinnen und Schülern sind bei uns nur oberflächlich, letzten Endes arbeitet jeder gegen jeden.;Skala: Interaktion zwischen Schülerinnen und Schülern;school_type_id = 1, 4, 5;Mean, Ausschluss wenn Missings >2;1) Mittelschulerhebung 2004 (Leutwyler & Maag Merki, 2004. Indikatoren zu Kontextmerkmalen gymnasialer Bildung. Perspektive der Schülerinnen und Schüler. Skalen- und Itemdokumentation), Lehrpersonen-Schüler/innen-Beziehung (4 von 6 Items);aktiv;likert6_zutreffen
qm_sekII;Bll_streit;Prozess;Soziale Beziehungen;Wie erleben Sie das Klima in Ihrer Klasse?;Es gibt unter den Schülerinnen und Schülern oft Streit.;Skala: Interaktion zwischen Schülerinnen und Schülern;school_type_id = 1, 4, 5;Mean, Ausschluss wenn Missings >2;1) Mittelschulerhebung 2004 (Leutwyler & Maag Merki, 2004. Indikatoren zu Kontextmerkmalen gymnasialer Bildung. Perspektive der Schülerinnen und Schüler. Skalen- und Itemdokumentation), Lehrpersonen-Schüler/innen-Beziehung (4 von 6 Items);aktiv;likert6_zutreffen
qm_sekII;Blp_hilft;Prozess;Soziale Beziehungen;Wie verhalten sich Ihre Lehrpersonen Ihnen gegenüber?;Wenn ich eine Lehrperson um Unterstützung bitte, hilft sie mir.;Skala: Interaktion zwischen Lehrpersonen und Lernenden;school_type_id = 1, 4, 5;Mean, Ausschluss wenn Missings >2;1) Mittelschulerhebung 2004 (Leutwyler & Maag Merki, 2004. Indikatoren zu Kontextmerkmalen gymnasialer Bildung. Perspektive der Schülerinnen und Schüler. Skalen- und Itemdokumentation), Lehrpersonen-Schüler/innen-Beziehung (3 von 12 Items), 2) Eigenkonstruktion IFES;aktiv;likert6_zutreffen
qm_sekII;Blp_korr;Prozess;Soziale Beziehungen;Wie verhalten sich Ihre Lehrpersonen Ihnen gegenüber?;Ich fühle mich von den Lehrpersonen respektvoll behandelt.;Skala: Interaktion zwischen Lehrpersonen und Lernenden;school_type_id = 1, 4, 5;Mean, Ausschluss wenn Missings >2;1) Mittelschulerhebung 2004 (Leutwyler & Maag Merki, 2004. Indikatoren zu Kontextmerkmalen gymnasialer Bildung. Perspektive der Schülerinnen und Schüler. Skalen- und Itemdokumentation), Lehrpersonen-Schüler/innen-Beziehung (3 von 12 Items), 2) Eigenkonstruktion IFES;aktiv;likert6_zutreffen
qm_sekII;Blp_korr_a;Prozess;Soziale Beziehungen;Wie verhalten sich Ihre Lehrpersonen Ihnen gegenüber?;Ich fühle mich von unseren Lehrpersonen respektvoll behandelt.;Skala: Soziale Interaktion zwischen Lehrpersonen und Lernenden;school_type_id = 3, 8;Mean, Ausschluss wenn Missings >2;1) Mittelschulerhebung 2004 (Leutwyler & Maag Merki, 2004. Indikatoren zu Kontextmerkmalen gymnasialer Bildung. Perspektive der Schülerinnen und Schüler. Skalen- und Itemdokumentation), Lehrpersonen-Schüler/innen-Beziehung (3 von 12 Items), 2) Eigenkonstruktion IFES;aktiv;likert6_lehrp
qm_sekII;Blp_mein;Prozess;Soziale Beziehungen;Wie verhalten sich Ihre Lehrpersonen Ihnen gegenüber?;Bei uns dürfen Schülerinnen und Schüler ihre Meinung im Unterricht sagen, auch wenn diese von der Meinung der Lehrperson abweicht.;Skala: Interaktion zwischen Lehrpersonen und Lernenden;school_type_id = 1, 4, 5;Mean, Ausschluss wenn Missings >2;1) Mittelschulerhebung 2004 (Leutwyler & Maag Merki, 2004. Indikatoren zu Kontextmerkmalen gymnasialer Bildung. Perspektive der Schülerinnen und Schüler. Skalen- und Itemdokumentation), Lehrpersonen-Schüler/innen-Beziehung (3 von 12 Items), 2) Eigenkonstruktion IFES;aktiv;likert6_lehrp
qm_sekII;Blp_mein_a;Prozess;Soziale Beziehungen;Wie verhalten sich Ihre Lehrpersonen Ihnen gegenüber?;Ich darf einer Lehrperson meine Meinung sagen, auch wenn sie von der Meinung der Lehrperson abweicht.;Skala: Soziale Interaktion zwischen Lehrpersonen und Lernenden;school_type_id = 3, 8;Mean, Ausschluss wenn Missings >2;1) Mittelschulerhebung 2004 (Leutwyler & Maag Merki, 2004. Indikatoren zu Kontextmerkmalen gymnasialer Bildung. Perspektive der Schülerinnen und Schüler. Skalen- und Itemdokumentation), Lehrpersonen-Schüler/innen-Beziehung (3 von 12 Items), 2) Eigenkonstruktion IFES;aktiv;likert6_lehrp
qm_sekII;Blp_zeit;Prozess;Soziale Beziehungen;Wie verhalten sich Ihre Lehrpersonen Ihnen gegenüber?;Wenn wir mit unseren Lehrpersonen etwas bereden wollen, dann finden sie auch Zeit dazu.;Skala: Interaktion zwischen Lehrpersonen und Lernenden;school_type_id = 1, 4, 5;Mean, Ausschluss wenn Missings >2;1) Mittelschulerhebung 2004 (Leutwyler & Maag Merki, 2004. Indikatoren zu Kontextmerkmalen gymnasialer Bildung. Perspektive der Schülerinnen und Schüler. Skalen- und Itemdokumentation), Lehrpersonen-Schüler/innen-Beziehung (3 von 12 Items), 2) Eigenkonstruktion IFES;aktiv;likert6_lehrp
qm_sekII;Blp_zeit_a;Prozess;Soziale Beziehungen;Wie verhalten sich Ihre Lehrpersonen Ihnen gegenüber?;Wenn ich mit einer Lehrperson über etwas reden will, dann findet sie Zeit dazu.;Skala: Soziale Interaktion zwischen Lehrpersonen und Lernenden;school_type_id = 3, 8, 9;Mean, Ausschluss wenn Missings >2;1) Mittelschulerhebung 2004 (Leutwyler & Maag Merki, 2004. Indikatoren zu Kontextmerkmalen gymnasialer Bildung. Perspektive der Schülerinnen und Schüler. Skalen- und Itemdokumentation), Lehrpersonen-Schüler/innen-Beziehung (3 von 12 Items), 2) Eigenkonstruktion IFES;aktiv;likert6_lehrp
qm_sekII;Blsb_bes;Wahlmodul: Berufs-, Studien- und Laufbahnberatung am Gymnasium;;Wie erlebten Sie die Berufs- und Studienwahl an Ihrem Gymnasium?;Hochschulbesuchstage waren für mich bei meiner Studien- und Berufswahl hilfreich.;Item-Gruppe: Berufs-, Studien- und Laufbahnberatung am Gymnasium;school_type_id = 1;;Eigenkonstruktion ZEM CES;aktiv;likert6_zutreffen2
qm_sekII;Blsb_ext;Wahlmodul: Berufs-, Studien- und Laufbahnberatung am Gymnasium;;Wie erlebten Sie die Berufs- und Studienwahl an Ihrem Gymnasium?;Die schulexternen Unterstützungsangebote zur Studien- und Berufswahl waren mir bekannt.;Item-Gruppe: Berufs-, Studien- und Laufbahnberatung am Gymnasium;school_type_id = 1;;Eigenkonstruktion ZEM CES;aktiv;likert6_zutreffen2
qm_sekII;Blsb_gespr;Wahlmodul: Berufs-, Studien- und Laufbahnberatung am Gymnasium;;Wie erlebten Sie die Berufs- und Studienwahl an Ihrem Gymnasium?;Persönliche Gespräche mit Studierenden oder Berufsleuten halfen mir bei meiner Studien- und Berufswahl.;Item-Gruppe: Berufs-, Studien- und Laufbahnberatung am Gymnasium;school_type_id = 1;;Eigenkonstruktion ZEM CES;aktiv;likert6_zutreffen2
qm_sekII;Blsb_hilf;Wahlmodul: Berufs-, Studien- und Laufbahnberatung am Gymnasium;;Wie erlebten Sie die Berufs- und Studienwahl an Ihrem Gymnasium?;Aus heutiger Sicht war die schulexterne Studien- und Laufbahnberatung für mich hilfreich.;Item-Gruppe: Berufs-, Studien- und Laufbahnberatung am Gymnasium;school_type_id = 1;;Eigenkonstruktion ZEM CES;aktiv;likert6_zutreffen2
qm_sekII;Blsb_mittel;Wahlmodul: Berufs-, Studien- und Laufbahnberatung am Gymnasium;;Wie erlebten Sie die Berufs- und Studienwahl an Ihrem Gymnasium?;Die Arbeitsmittel, die wir in der Schule für die Studienwahlvorbereitung nutzten, waren für mich hilfreich.;Item-Gruppe: Berufs-, Studien- und Laufbahnberatung am Gymnasium;school_type_id = 1;;Eigenkonstruktion ZEM CES;aktiv;likert6_zutreffen2
qm_sekII;Blsb_moegl;Wahlmodul: Berufs-, Studien- und Laufbahnberatung am Gymnasium;;Wie erlebten Sie die Berufs- und Studienwahl an Ihrem Gymnasium?;Die für mich relevanten Studien- und Berufsmöglichkeiten waren mir bekannt.;Item-Gruppe: Berufs-, Studien- und Laufbahnberatung am Gymnasium;school_type_id = 1;;Eigenkonstruktion ZEM CES;aktiv;likert6_zutreffen2
qm_sekII;Blsb_plan;Wahlmodul: Berufs-, Studien- und Laufbahnberatung am Gymnasium;;Wie erlebten Sie die Berufs- und Studienwahl an Ihrem Gymnasium?;Ich wusste, was ich tun musste, um mein gewünschtes Studium bzw. meine gewünschte Ausbildung aufzunehmen.;Item-Gruppe: Berufs-, Studien- und Laufbahnberatung am Gymnasium;school_type_id = 1;;Eigenkonstruktion ZEM CES;aktiv;likert6_zutreffen2
qm_sekII;Blsb_schnu;Wahlmodul: Berufs-, Studien- und Laufbahnberatung am Gymnasium;;Wie erlebten Sie die Berufs- und Studienwahl an Ihrem Gymnasium?;Schnuppern (in Vorlesungen oder im Beruf) war für mich bei meiner Studien- und Berufswahl hilfreich.;Item-Gruppe: Berufs-, Studien- und Laufbahnberatung am Gymnasium;school_type_id = 1;;Eigenkonstruktion ZEM CES;aktiv;likert6_zutreffen2
qm_sekII;Blsb_serious;Wahlmodul: Berufs-, Studien- und Laufbahnberatung am Gymnasium;;Wie erlebten Sie die Berufs- und Studienwahl an Ihrem Gymnasium?;Ich habe mich mit meiner Studien- und Berufswahl seriös auseinandergesetzt und hierfür auch Zeit investiert.;Item-Gruppe: Berufs-, Studien- und Laufbahnberatung am Gymnasium;school_type_id = 1;;Eigenkonstruktion ZEM CES;aktiv;likert6_zutreffen2
qm_sekII;Blsb_thema;Wahlmodul: Berufs-, Studien- und Laufbahnberatung am Gymnasium;;Wie erlebten Sie die Berufs- und Studienwahl an Ihrem Gymnasium?;Meine Studien- und Berufswahl war für mich in den letzten beiden Jahren des Gymnasiums ein wichtiges Thema.;Item-Gruppe: Berufs-, Studien- und Laufbahnberatung am Gymnasium;school_type_id = 1;;Eigenkonstruktion ZEM CES;aktiv;likert6_zutreffen2
qm_sekII;Blsb_unt;Wahlmodul: Berufs-, Studien- und Laufbahnberatung am Gymnasium;;Wie erlebten Sie die Berufs- und Studienwahl an Ihrem Gymnasium?;Ich konnte relevante Informationsmittel zur Studien- und Berufswahl kompetent nutzen.;Item-Gruppe: Berufs-, Studien- und Laufbahnberatung am Gymnasium;school_type_id = 1;;Eigenkonstruktion ZEM CES;aktiv;likert6_zutreffen2
qm_sekII;Blsb_vorb;Wahlmodul: Berufs-, Studien- und Laufbahnberatung am Gymnasium;;Wie erlebten Sie die Berufs- und Studienwahl an Ihrem Gymnasium?;Ich war gut vorbereitet, um ein Studium oder einen Beruf zu wählen, das/der zu mir passt.;Item-Gruppe: Berufs-, Studien- und Laufbahnberatung am Gymnasium;school_type_id = 1;;Eigenkonstruktion ZEM CES;aktiv;likert6_zutreffen2
qm_sekII;Blsb_wahl;Wahlmodul: Berufs-, Studien- und Laufbahnberatung am Gymnasium;;Wie erlebten Sie die Berufs- und Studienwahl an Ihrem Gymnasium?;Aus heutiger Sicht hat mich meine Schule gut bei der Studienwahl bzw. Laufbahnplanung unterstützt.;Item-Gruppe: Berufs-, Studien- und Laufbahnberatung am Gymnasium;school_type_id = 1;;Eigenkonstruktion ZEM CES;aktiv;likert6_zutreffen2
qm_sekII;Blsb_zeit;Wahlmodul: Berufs-, Studien- und Laufbahnberatung am Gymnasium;;Wie erlebten Sie die Berufs- und Studienwahl an Ihrem Gymnasium?;Während des Gymnasiums wurde mir genügend Zeit für die Studien- und Laufbahnwahl (z.B. Besuch von Informationsanlässen, Besuch bei der Studienberatung, o.ä.) zur Verfügung gestellt.;Item-Gruppe: Berufs-, Studien- und Laufbahnberatung am Gymnasium;school_type_id = 1;;Eigenkonstruktion ZEM CES;aktiv;likert6_zutreffen2
qm_sekII;Bswahl_bes;;;Wie erlebten Sie die Berufs- und Studienwahl an Ihrem Gymnasium?;Hochschulbesuchstage waren für mich bei meiner Studien- und Berufswahl hilfreich.;Item-Gruppe: Berufs-, Studien- und Laufbahnberatung am Gymnasium;school_type_id = 1;;Eigenkonstruktion ZEM CES;aktiv;likert6_zutreffen2
qm_sekII;Bswahl_eng;;;Wie erlebten Sie die Berufs- und Studienwahl an Ihrem Gymnasium?;Ich habe mich mit meiner Studien- und Berufswahl seriös auseinandergesetzt und hierfür auch Zeit investiert.;Item-Gruppe: Berufs-, Studien- und Laufbahnberatung am Gymnasium;school_type_id = 1;;Eigenkonstruktion ZEM CES;aktiv;likert6_zutreffen2
qm_sekII;Bswahl_ext;;;Wie erlebten Sie die Berufs- und Studienwahl an Ihrem Gymnasium?;Ich kenne die schulexternen Unterstützungsangebote zur Studien- und Berufswahl.;Item-Gruppe: Berufs-, Studien- und Laufbahnberatung am Gymnasium;school_type_id = 1;;Eigenkonstruktion ZEM CES;aktiv;likert6_zutreffen2
qm_sekII;Bswahl_gespr;;;Wie erlebten Sie die Berufs- und Studienwahl an Ihrem Gymnasium?;Persönliche Gespräche mit Studierenden oder Berufsleuten halfen mir bei meiner Studien- und Berufswahl.;Item-Gruppe: Berufs-, Studien- und Laufbahnberatung am Gymnasium;school_type_id = 1;;Eigenkonstruktion ZEM CES;aktiv;likert6_zutreffen2
qm_sekII;Bswahl_hilf;;;Wie erlebten Sie die Berufs- und Studienwahl an Ihrem Gymnasium?;Aus heutiger Sicht war die schulexterne Studien- und Laufbahnberatung für mich hilfreich.;Item-Gruppe: Berufs-, Studien- und Laufbahnberatung am Gymnasium;school_type_id = 1;;Eigenkonstruktion ZEM CES;aktiv;likert6_zutreffen2
qm_sekII;Bswahl_komp;;;Wie erlebten Sie die Berufs- und Studienwahl an Ihrem Gymnasium?;Ich kann relevante Informationsmittel zur Studien- und Berufswahl kompetent nutzen.;Item-Gruppe: Berufs-, Studien- und Laufbahnberatung am Gymnasium;school_type_id = 1;;Eigenkonstruktion ZEM CES;aktiv;likert6_zutreffen2
qm_sekII;Bswahl_mittel;;;Wie erlebten Sie die Berufs- und Studienwahl an Ihrem Gymnasium?;Die Arbeitsmittel, die wir in der Schule für die Studienwahlvorbereitung nutzten, waren für mich hilfreich.;Item-Gruppe: Berufs-, Studien- und Laufbahnberatung am Gymnasium;school_type_id = 1;;Eigenkonstruktion ZEM CES;aktiv;likert6_zutreffen2
qm_sekII;Bswahl_moegl;;;Wie erlebten Sie die Berufs- und Studienwahl an Ihrem Gymnasium?;Ich kenne die für mich relevanten Studien- und Berufsmöglichkeiten.;Item-Gruppe: Berufs-, Studien- und Laufbahnberatung am Gymnasium;school_type_id = 1;;Eigenkonstruktion ZEM CES;aktiv;likert6_zutreffen2
qm_sekII;Bswahl_pass;;;Wie erlebten Sie die Berufs- und Studienwahl an Ihrem Gymnasium?;Ich bin so weit, dass ich ein Studium oder einen Beruf wähle, das/der zu mir passt.;Item-Gruppe: Berufs-, Studien- und Laufbahnberatung am Gymnasium;school_type_id = 1;;Eigenkonstruktion ZEM CES;aktiv;likert6_zutreffen2
qm_sekII;Bswahl_schnu;;;Wie erlebten Sie die Berufs- und Studienwahl an Ihrem Gymnasium?;Schnuppern (in Vorlesungen oder im Beruf) war für mich bei meiner Studien- und Berufswahl hilfreich.;Item-Gruppe: Berufs-, Studien- und Laufbahnberatung am Gymnasium;school_type_id = 1;;Eigenkonstruktion ZEM CES;aktiv;likert6_zutreffen2
qm_sekII;Bswahl_them;;;Wie erlebten Sie die Berufs- und Studienwahl an Ihrem Gymnasium?;Meine Studien- und Berufswahl war für mich in den letzten beiden Jahren der Mittelschule ein wichtiges Thema.;Item-Gruppe: Berufs-, Studien- und Laufbahnberatung am Gymnasium;school_type_id = 1;;Eigenkonstruktion ZEM CES;aktiv;likert6_zutreffen2
qm_sekII;Bswahl_unt;;;Wie erlebten Sie die Berufs- und Studienwahl an Ihrem Gymnasium?;Aus heutiger Sicht hat mich meine Schule gut bei der Studienwahl bzw. Laufbahnplanung unterstützt.;Item-Gruppe: Berufs-, Studien- und Laufbahnberatung am Gymnasium;school_type_id = 1;;Eigenkonstruktion ZEM CES;aktiv;likert6_zutreffen2
qm_sekII;Bswahl_wiss;;;Wie erlebten Sie die Berufs- und Studienwahl an Ihrem Gymnasium?;Ich weiss, was ich tun muss, um mein gewünschtes Studium bzw. meine gewünschte Ausbildung aufzunehmen.;Item-Gruppe: Berufs-, Studien- und Laufbahnberatung am Gymnasium;school_type_id = 1;;Eigenkonstruktion ZEM CES;aktiv;likert6_zutreffen2
qm_sekII;Bswahl_zeit;;;Wie erlebten Sie die Berufs- und Studienwahl an Ihrem Gymnasium?;Während des Gymnasiums wurde mir genügend Zeit für die Studien- und Laufbahnwahl (z.B. Besuch von Informationsanlässen, Besuch bei der Studienberatung, o.ä.) zur Verfügung gestellt.;Item-Gruppe: Berufs-, Studien- und Laufbahnberatung am Gymnasium;school_type_id = 1;;Eigenkonstruktion ZEM CES;aktiv;likert6_zutreffen2
qm_sekII;EFZ_Typ;Statistische Angaben;Statistische Angaben aus XLS-Uploads Teilnehmerliste;Art der Ausbildung der Lernenden;;Einzelitem: Art der Ausbildung;school_type_id = 3, 8, 9;;;aktiv;efz_typ
qm_sekII;Ergaenzungsf;Statistische Angaben;Statistische Angaben aus XLS-Uploads Teilnehmerliste;Ergänzungsfach;;Einzelitem: Ergänzungsfach (nur Gym);school_type_id = 1;;MAR 95;aktiv;ergaenzungsf
qm_sekII;Erklkomp_LP_a;Input;Lehrpersonenexpertise;Wie erleben Sie Ihre Lehrpersonen im Unterricht?;Meine Lehrpersonen erklären so, dass ich auch bei schwierigen Themen gut nachkomme.;Einzelitem: Erklärungskompetenzen der Lehrpersonen;school_type_id = 3, 8;;Eigenkonstruktion IFES IPES in Anlehnung an Mayr, Eder und Fartacek (2005. Linzer Diagnosebogen zur Klassenführung (LDK)) und Helmke, A, Helmke, T., Lenske, G. Pham, G., Praetorius, A.-K., Schrader, F.-W. & Ade-Thurow, M. (2018. Unterrichstdiagnostik mit EMU – Evidenzbasierte Methoden der Unterrichtsdiagnostik und -entwicklung).;aktiv;likert6_lehrp
qm_sekII;Erklkomp_LP_b;Input;Lehrpersonenexpertise;Wie erleben Sie Ihre Lehrpersonen im Unterricht?;Meine Lehrpersonen können gut erklären.;Einzelitem: Erklärungskompetenzen der Lehrpersonen;school_type_id = 9;;Eigenkonstruktion IFES IPES in Anlehnung an Mayr, Eder und Fartacek (2005. Linzer Diagnosebogen zur Klassenführung (LDK)) ;aktiv;likert6_lehrp
qm_sekII;FachenglLP_a;Input;Lehrpersonenexpertise;Wie erleben Sie Ihre Lehrpersonen im Unterricht?;Meine Lehrpersonen vermitteln ihr Fach mit Begeisterung.;Einzelitem: Fachliches Engagement der Lehrpersonen;school_type_id = 3, 8;;Eigenkonstruktion IFES IPES in Anlehnung an Mayr, Eder und Fartacek (2005. Linzer Diagnosebogen zur Klassenführung (LDK)) ;aktiv;likert6_lehrp
qm_sekII;FachkompLP_a;Input;Lehrpersonenexpertise;Wie erleben Sie Ihre Lehrpersonen im Unterricht?;Meine Lehrpersonen kennen sich in ihren Fächern aus.;Einzelitem: Fachliche Kompetenzen der Lehrpersonen;school_type_id = 3, 8, 9;;Eigenkonstruktion IFES IPES in Anlehnung an Mayr, Eder und Fartacek (2005. Linzer Diagnosebogen zur Klassenführung (LDK)) ;aktiv;likert6_lehrp
qm_sekII;Fh_and;Werdegang;;In welchen Fachbereich fällt Ihr Hauptstudienfach? (Mehrfachnennungen möglich, sofern mehrere Fächer als Hauptstudienfächer gelten);Andere, oben nicht genannte Fachrichtung;Item-Gruppe: Studienfach Fachhochschule;Taetigkeit = 9;;Eigenkonstruktion des IVM, basierend auf Fächerkanon der Fachhochschule;aktiv;kreuz
qm_sekII;Fh_bau;Werdegang;;In welchen Fachbereich fällt Ihr Hauptstudienfach? (Mehrfachnennungen möglich, sofern mehrere Fächer als Hauptstudienfächer gelten);Architektur, Bau- und Planungswesen;Item-Gruppe: Studienfach Fachhochschule;Taetigkeit = 9;;Eigenkonstruktion des IVM, basierend auf Fächerkanon der Fachhochschule;aktiv;kreuz
qm_sekII;Fh_chem;Werdegang;;In welchen Fachbereich fällt Ihr Hauptstudienfach? (Mehrfachnennungen möglich, sofern mehrere Fächer als Hauptstudienfächer gelten);Chemie, Biologie, Life Sciences, Umweltwissenschaften;Item-Gruppe: Studienfach Fachhochschule;Taetigkeit = 9;;Eigenkonstruktion des IVM, basierend auf Fächerkanon der Fachhochschule;aktiv;kreuz
qm_sekII;Fh_desig;Werdegang;;In welchen Fachbereich fällt Ihr Hauptstudienfach? (Mehrfachnennungen möglich, sofern mehrere Fächer als Hauptstudienfächer gelten);Design (z.B. visuelle Kommunikation, Produkt- und Industriedesign, Innenarchitektur);Item-Gruppe: Studienfach Fachhochschule;Taetigkeit = 9;;Eigenkonstruktion des IVM, basierend auf Fächerkanon der Fachhochschule;aktiv;kreuz
qm_sekII;Fh_elek;Werdegang;;In welchen Fachbereich fällt Ihr Hauptstudienfach? (Mehrfachnennungen möglich, sofern mehrere Fächer als Hauptstudienfächer gelten);Technik (z.B. Elektrotechnik, Verfahrenstechnik, Automobiltechnik) und Maschinenbau;Item-Gruppe: Studienfach Fachhochschule;Taetigkeit = 9;;Eigenkonstruktion des IVM, basierend auf Fächerkanon der Fachhochschule;aktiv;kreuz
qm_sekII;Fh_ernaeh;Werdegang;;In welchen Fachbereich fällt Ihr Hauptstudienfach? (Mehrfachnennungen möglich, sofern mehrere Fächer als Hauptstudienfächer gelten);Ernährung / Diätetik;Item-Gruppe: Studienfach Fachhochschule;Taetigkeit = 9;;Eigenkonstruktion des IVM, basierend auf Fächerkanon der Fachhochschule;aktiv;kreuz
qm_sekII;Fh_forst;Werdegang;;In welchen Fachbereich fällt Ihr Hauptstudienfach? (Mehrfachnennungen möglich, sofern mehrere Fächer als Hauptstudienfächer gelten);Land- und Forstwirtschaft;Item-Gruppe: Studienfach Fachhochschule;Taetigkeit = 9;;Eigenkonstruktion des IVM, basierend auf Fächerkanon der Fachhochschule;aktiv;kreuz
qm_sekII;Fh_heb;Werdegang;;In welchen Fachbereich fällt Ihr Hauptstudienfach? (Mehrfachnennungen möglich, sofern mehrere Fächer als Hauptstudienfächer gelten);Hebamme;Item-Gruppe: Studienfach Fachhochschule;Taetigkeit = 9;;Eigenkonstruktion des IVM, basierend auf Fächerkanon der Fachhochschule;aktiv;kreuz
qm_sekII;Fh_hotel;Werdegang;;In welchen Fachbereich fällt Ihr Hauptstudienfach? (Mehrfachnennungen möglich, sofern mehrere Fächer als Hauptstudienfächer gelten);Tourismus/Hotellerie;Item-Gruppe: Studienfach Fachhochschule;Taetigkeit = 9;;Eigenkonstruktion des IVM, basierend auf Fächerkanon der Fachhochschule;aktiv;kreuz
qm_sekII;Fh_info;Werdegang;;In welchen Fachbereich fällt Ihr Hauptstudienfach? (Mehrfachnennungen möglich, sofern mehrere Fächer als Hauptstudienfächer gelten);Informatik / Wirtschaftsinformatik;Item-Gruppe: Studienfach Fachhochschule;Taetigkeit = 9;;Eigenkonstruktion des IVM, basierend auf Fächerkanon der Fachhochschule;aktiv;kreuz
qm_sekII;Fh_kunst;Werdegang;;In welchen Fachbereich fällt Ihr Hauptstudienfach? (Mehrfachnennungen möglich, sofern mehrere Fächer als Hauptstudienfächer gelten);Musik, Theater und andere Künste;Item-Gruppe: Studienfach Fachhochschule;Taetigkeit = 9;;Eigenkonstruktion des IVM, basierend auf Fächerkanon der Fachhochschule;aktiv;kreuz
qm_sekII;Fh_logo;Werdegang;;In welchen Fachbereich fällt Ihr Hauptstudienfach? (Mehrfachnennungen möglich, sofern mehrere Fächer als Hauptstudienfächer gelten);Logopädie / Psychomotorik / Heilpädagogik;Item-Gruppe: Studienfach Fachhochschule;Taetigkeit = 9;;Eigenkonstruktion des IVM, basierend auf Fächerkanon der Fachhochschule;aktiv;kreuz
qm_sekII;Fh_ling;Werdegang;;In welchen Fachbereich fällt Ihr Hauptstudienfach? (Mehrfachnennungen möglich, sofern mehrere Fächer als Hauptstudienfächer gelten);Angewandte Linguistik / Angewandte Sprachen;Item-Gruppe: Studienfach Fachhochschule;Taetigkeit = 9;;Eigenkonstruktion des IVM, basierend auf Fächerkanon der Fachhochschule;aktiv;kreuz
qm_sekII;Fh_masch;Werdegang;;;;;Taetigkeit = 9;;Eigenkonstruktion des IVM, basierend auf Fächerkanon der Fachhochschule;Item erhoben bis 2018;kreuz
qm_sekII;Fh_pfleg;Werdegang;;In welchen Fachbereich fällt Ihr Hauptstudienfach? (Mehrfachnennungen möglich, sofern mehrere Fächer als Hauptstudienfächer gelten);Pflege;Item-Gruppe: Studienfach Fachhochschule;Taetigkeit = 9;;Eigenkonstruktion des IVM, basierend auf Fächerkanon der Fachhochschule;aktiv;kreuz
qm_sekII;Fh_phys;Werdegang;;In welchen Fachbereich fällt Ihr Hauptstudienfach? (Mehrfachnennungen möglich, sofern mehrere Fächer als Hauptstudienfächer gelten);Physiotherapie / Ergotherapie;Item-Gruppe: Studienfach Fachhochschule;Taetigkeit = 9;;Eigenkonstruktion des IVM, basierend auf Fächerkanon der Fachhochschule;aktiv;kreuz
qm_sekII;Fh_psych;Werdegang;;In welchen Fachbereich fällt Ihr Hauptstudienfach? (Mehrfachnennungen möglich, sofern mehrere Fächer als Hauptstudienfächer gelten);Angewandte Psychologie;Item-Gruppe: Studienfach Fachhochschule;Taetigkeit = 9;;Eigenkonstruktion des IVM, basierend auf Fächerkanon der Fachhochschule;aktiv;kreuz
qm_sekII;Fh_rest;Werdegang;;In welchen Fachbereich fällt Ihr Hauptstudienfach? (Mehrfachnennungen möglich, sofern mehrere Fächer als Hauptstudienfächer gelten);Konservierung und Restaurierung;Item-Gruppe: Studienfach Fachhochschule;Taetigkeit = 9;;Eigenkonstruktion des IVM, basierend auf Fächerkanon der Fachhochschule;aktiv;kreuz
qm_sekII;Fh_sozar;Werdegang;;In welchen Fachbereich fällt Ihr Hauptstudienfach? (Mehrfachnennungen möglich, sofern mehrere Fächer als Hauptstudienfächer gelten);Soziale Arbeit / Sozialpädagogik;Item-Gruppe: Studienfach Fachhochschule;Taetigkeit = 9;;Eigenkonstruktion des IVM, basierend auf Fächerkanon der Fachhochschule;aktiv;kreuz
qm_sekII;Fh_sport;Werdegang;;In welchen Fachbereich fällt Ihr Hauptstudienfach? (Mehrfachnennungen möglich, sofern mehrere Fächer als Hauptstudienfächer gelten);Sport;Item-Gruppe: Studienfach Fachhochschule;Taetigkeit = 9;;Eigenkonstruktion des IVM, basierend auf Fächerkanon der Fachhochschule;aktiv;kreuz
qm_sekII;Fh_wirt;Werdegang;;In welchen Fachbereich fällt Ihr Hauptstudienfach? (Mehrfachnennungen möglich, sofern mehrere Fächer als Hauptstudienfächer gelten);Wirtschaft und Dienstleistungen;Item-Gruppe: Studienfach Fachhochschule;Taetigkeit = 9;;Eigenkonstruktion des IVM, basierend auf Fächerkanon der Fachhochschule;aktiv;kreuz
qm_sekII;Filter_am;;;Fach besucht;Anwendungen der Mathematik;Item-Gruppe: interne Filtervariable für Fach;;;;aktiv;kreuz
qm_sekII;Filter_bg;;;Fach besucht;Bildnerisches Gestalten / Gestaltung;Item-Gruppe: interne Filtervariable für Fach;;;;aktiv;kreuz
qm_sekII;Filter_biche;;;Fach besucht;Biologie und Chemie (in Kombination als Schwerpunktfach);Item-Gruppe: interne Filtervariable für Fach;;;;aktiv;kreuz
qm_sekII;Filter_bio;;;Fach besucht;Biologie (oder Kombination Biologie-Sport);Item-Gruppe: interne Filtervariable für Fach;;;;aktiv;kreuz
qm_sekII;Filter_boek;;;Fach besucht;Biologie / Ökologie;Item-Gruppe: interne Filtervariable für Fach;;;;aktiv;kreuz
qm_sekII;Filter_chem;;;Fach besucht;Chemie;Item-Gruppe: interne Filtervariable für Fach;;;;aktiv;kreuz
qm_sekII;Filter_de;;;Fach besucht;Deutsch;Item-Gruppe: interne Filtervariable für Fach;;;;aktiv;kreuz
qm_sekII;Filter_eng;;;Fach besucht;Englisch;Item-Gruppe: interne Filtervariable für Fach;;;;aktiv;kreuz
qm_sekII;Filter_es;;;Fach besucht;Spanisch;Item-Gruppe: interne Filtervariable für Fach;;;;aktiv;kreuz
qm_sekII;Filter_fr;;;Fach besucht;Französisch;Item-Gruppe: interne Filtervariable für Fach;;;;aktiv;kreuz
qm_sekII;Filter_fur;;;Fach besucht;Finanz- und Rechnungswesen;Item-Gruppe: interne Filtervariable für Fach;;;;aktiv;kreuz
qm_sekII;Filter_geo;;;Fach besucht;Geografie (auch in Kombination Geografie-Physik oder Geografie-Bildnerisches Gestalten);Item-Gruppe: interne Filtervariable für Fach;;;;aktiv;kreuz
qm_sekII;Filter_gesch;;;Fach besucht;Geschichte / Staatslehre / Politik;Item-Gruppe: interne Filtervariable für Fach;;;;aktiv;kreuz
qm_sekII;Filter_gkk;;;Fach besucht;Gestaltung, Kunst, Kultur;Item-Gruppe: interne Filtervariable für Fach;;;;aktiv;kreuz
qm_sekII;Filter_grie;;;Fach besucht;Griechisch;Item-Gruppe: interne Filtervariable für Fach;;;;aktiv;kreuz
qm_sekII;Filter_ict;;;Fach besucht;Informations- und Kommunikationstechnologien (Informatik);Item-Gruppe: interne Filtervariable für Fach;;;;aktiv;kreuz
qm_sekII;Filter_ika;;;Fach besucht;Information / Kommunikation / Administration;Item-Gruppe: interne Filtervariable für Fach;;;;aktiv;kreuz
qm_sekII;Filter_ipt;;;Fach besucht;Integrierte Praxisteile (IPT);Item-Gruppe: interne Filtervariable für Fach;;;;aktiv;kreuz
qm_sekII;Filter_it;;;Fach besucht;Italienisch;Item-Gruppe: interne Filtervariable für Fach;;;;aktiv;kreuz
qm_sekII;Filter_iuk;;;Fach besucht;Information und Kommunikation;Item-Gruppe: interne Filtervariable für Fach;;;;aktiv;kreuz
qm_sekII;Filter_lat;;;Fach besucht;Latein;Item-Gruppe: interne Filtervariable für Fach;;;;aktiv;kreuz
qm_sekII;Filter_math;;;Fach besucht;Mathematik;Item-Gruppe: interne Filtervariable für Fach;;;;aktiv;kreuz
qm_sekII;Filter_mus;;;Fach besucht;Musik;Item-Gruppe: interne Filtervariable für Fach;;;;aktiv;kreuz
qm_sekII;Filter_nat;;;Fach besucht;Naturwissenschaften;Item-Gruppe: interne Filtervariable für Fach;;;;aktiv;kreuz
qm_sekII;Filter_oek;;;Fach besucht;Biologie / Ökologie;Item-Gruppe: interne Filtervariable für Fach;;;;aktiv;kreuz
qm_sekII;Filter_paepsy;;;Fach besucht;Pädagogik / Psychologie;Item-Gruppe: interne Filtervariable für Fach;;;;aktiv;kreuz
qm_sekII;Filter_phil;;;Fach besucht;Philosophie (auch in Kombination Philosophie-Religion oder Philosophie-Deutsch);Item-Gruppe: interne Filtervariable für Fach;;;;aktiv;kreuz
qm_sekII;Filter_phy;;;Fach besucht;Physik;Item-Gruppe: interne Filtervariable für Fach;;;;aktiv;kreuz
qm_sekII;Filter_phyam;;;Fach besucht;Physik und Anwendungen der Mathematik (in Kombination als Schwerpunktfach);Item-Gruppe: interne Filtervariable für Fach;;;;aktiv;kreuz
qm_sekII;Filter_ppp;;;Fach besucht;Philosophie / Pädagogik / Psychologie (in Kombination als Schwerpunktfach);Item-Gruppe: interne Filtervariable für Fach;;;;aktiv;kreuz
qm_sekII;Filter_reli;;;Fach besucht;Religionslehre / Religion und Ethik;Item-Gruppe: interne Filtervariable für Fach;;;;aktiv;kreuz
qm_sekII;Filter_rom;;;Fach besucht;Romanisch;Item-Gruppe: interne Filtervariable für Fach;;;;aktiv;kreuz
qm_sekII;Filter_ru;;;Fach besucht;Russisch;Item-Gruppe: interne Filtervariable für Fach;;;;aktiv;kreuz
qm_sekII;Filter_soz;;;Fach besucht;Sozialwissenschaften;Item-Gruppe: interne Filtervariable für Fach;;;;aktiv;kreuz
qm_sekII;Filter_sport;;;Fach besucht;Sport;Item-Gruppe: interne Filtervariable für Fach;;;;aktiv;kreuz
qm_sekII;Filter_tuu;;;Fach besucht;Technik und Umwelt;Item-Gruppe: interne Filtervariable für Fach;;;;aktiv;kreuz
qm_sekII;Filter_vbr;;;Fach besucht;Volkswirtschaft / Betriebswirtschaft / Recht;Item-Gruppe: interne Filtervariable für Fach;;;;aktiv;kreuz
qm_sekII;Filter_wug;;;Fach besucht;Wirtschaft und Gesellschaft;Item-Gruppe: interne Filtervariable für Fach;;;;aktiv;kreuz
qm_sekII;Filter_wur;;;Fach besucht;Wirtschaft und Recht;Item-Gruppe: interne Filtervariable für Fach;;;;aktiv;kreuz
qm_sekII;Flern_art;Ausbildungsstand bei Schulabschluss;Wahlmodul Lernen;Wie beurteilen Sie Ihre Fähigkeiten selbständig zu lernen am Ende %s<school_type_genitive>?;... meine Art zu lernen selbst zu wählen.;Item-Gruppe: Fähigkeit selbstständig zu lernen;;;Eigenkonstruktion des IVM;aktiv;likert6_zutreffen2
qm_sekII;Flern_atm;Ausbildungsstand bei Schulabschluss;Wahlmodul Lernen;Wie beurteilen Sie Ihre Fähigkeiten selbständig zu lernen am Ende %s<school_type_genitive>?;... eine angenehme und förderliche Lernatmosphäre zu schaffen.;Item-Gruppe: Fähigkeit selbstständig zu lernen;;;Eigenkonstruktion des IVM;aktiv;likert6_zutreffen2
qm_sekII;Flern_kont;Ausbildungsstand bei Schulabschluss;Wahlmodul Lernen;Wie beurteilen Sie Ihre Fähigkeiten selbständig zu lernen am Ende %s<school_type_genitive>?;... mein Lernen selbst zu kontrollieren.;Item-Gruppe: Fähigkeit selbstständig zu lernen;;;Eigenkonstruktion des IVM;aktiv;likert6_zutreffen2
qm_sekII;Flern_mat;Ausbildungsstand bei Schulabschluss;Wahlmodul Lernen;Wie beurteilen Sie Ihre Fähigkeiten selbständig zu lernen am Ende %s<school_type_genitive>?;... Lernmaterialien selbst auszusuchen.;Item-Gruppe: Fähigkeit selbstständig zu lernen;;;Eigenkonstruktion des IVM;aktiv;likert6_zutreffen2
qm_sekII;Flern_meth;Ausbildungsstand bei Schulabschluss;Wahlmodul Lernen;Wie beurteilen Sie Ihre Fähigkeiten selbständig zu lernen am Ende %s<school_type_genitive>?;... Lernmethoden und -zugänge selbst zu wählen.;Item-Gruppe: Fähigkeit selbstständig zu lernen;;;Eigenkonstruktion des IVM;aktiv;likert6_zutreffen2
qm_sekII;Flern_pruef;Ausbildungsstand bei Schulabschluss;Wahlmodul Lernen;Wie beurteilen Sie Ihre Fähigkeiten selbständig zu lernen am Ende %s<school_type_genitive>?;... meinen Lernerfolg selbst zu überprüfen;Item-Gruppe: Fähigkeit selbstständig zu lernen;;;Eigenkonstruktion des IVM;aktiv;likert6_zutreffen2
qm_sekII;Flern_refle;Ausbildungsstand bei Schulabschluss;Wahlmodul Lernen;Wie beurteilen Sie Ihre Fähigkeiten selbständig zu lernen am Ende %s<school_type_genitive>?;... mein Vorgehen beim Lernen zu reflektieren;Item-Gruppe: Fähigkeit selbstständig zu lernen;;;Eigenkonstruktion des IVM;aktiv;likert6_zutreffen2
qm_sekII;Flern_temp;Ausbildungsstand bei Schulabschluss;Wahlmodul Lernen;Wie beurteilen Sie Ihre Fähigkeiten selbständig zu lernen am Ende %s<school_type_genitive>?;... mein Lerntempo selbst zu bestimmen.;Item-Gruppe: Fähigkeit selbstständig zu lernen;;;Eigenkonstruktion des IVM;aktiv;likert6_zutreffen2
qm_sekII;Flern_was;Ausbildungsstand bei Schulabschluss;Wahlmodul Lernen;Wie beurteilen Sie Ihre Fähigkeiten selbständig zu lernen am Ende %s<school_type_genitive>?;... selbst festzulegen, was ich lernen will.;Item-Gruppe: Fähigkeit selbstständig zu lernen;;;Eigenkonstruktion des IVM;aktiv;likert6_zutreffen2
qm_sekII;Flern_zusa;Ausbildungsstand bei Schulabschluss;Wahlmodul Lernen;Wie beurteilen Sie Ihre Fähigkeiten selbständig zu lernen am Ende %s<school_type_genitive>?;... selbst zu entscheiden, mit wem ich zusammenarbeite.;Item-Gruppe: Fähigkeit selbstständig zu lernen;;;Eigenkonstruktion des IVM;aktiv;likert6_zutreffen2
qm_sekII;Foe_anst;Input;Lehrpersonenexpertise;Fühlen Sie sich von Ihren Lehrpersonen gefördert?;Wenn ich mich besonders angestrengt habe, loben mich die Lehrpersonen meistens, auch wenn andere Schülerinnen und Schüler noch besser sind als ich.;Skala: Individuelle Förderung;school_type_id = 1, 4, 5;;1) Clausen, 2002. Unterrichtsqualität: Eine Frage der Perspektive?  (2 von 4 Items, individuelle Bezugsnormorientierung) (zit. Leutwyler und Maag Merki, 2004. Indikatoren zu Kontextmerkmalen gymnasialer Bildung. Perspektive der Schülerinnen und Schüler. Skalen- und Itemdokumentation.), 2) Mittelschulerhebung 2004 (Leutwyler & Maag Merki, 2004. Indikatoren zu Kontextmerkmalen gymnasialer Bildung. Perspektive der Schülerinnen und Schüler. Skalen- und Itemdokumentation.), Förderhaltung (1 von 5 Items), 3) Eigenkonstruktion IFES;aktiv;likert6_lehrp
qm_sekII;Foe_anst_a;Prozess;Unterricht;Fühlen Sie sich von Ihren Lehrpersonen gefördert?;Meine Lehrpersonen loben mich, wenn ich mich angestrengt habe.;Item-Gruppe: Individuelle Förderung;school_type_id = 3, 8, 9;;1) Clausen, 2002. Unterrichtsqualität: Eine Frage der Perspektive?  (2 von 4 Items, individuelle Bezugsnormorientierung) (zit. Leutwyler und Maag Merki, 2004. Indikatoren zu Kontextmerkmalen gymnasialer Bildung. Perspektive der Schülerinnen und Schüler. Skalen- und Itemdokumentation.), 2) Mittelschulerhebung 2004 (Leutwyler & Maag Merki, 2004. Indikatoren zu Kontextmerkmalen gymnasialer Bildung. Perspektive der Schülerinnen und Schüler. Skalen- und Itemdokumentation.), Förderhaltung (1 von 5 Items), 3) Eigenkonstruktion IFES;aktiv;likert6_lehrp
qm_sekII;Foe_begab;Input;Lehrpersonenexpertise;Fühlen Sie sich von Ihren Lehrpersonen gefördert?;Unsere Lehrpersonen fördern auch besonders begabte Schülerinnen und Schüler (z.B. mit interessanten Aufgaben und Projekten, Teilnahme an Wettbewerben);Skala: Individuelle Förderung;school_type_id = 1, 4, 5;;1) Clausen, 2002. Unterrichtsqualität: Eine Frage der Perspektive?  (2 von 4 Items, individuelle Bezugsnormorientierung) (zit. Leutwyler und Maag Merki, 2004. Indikatoren zu Kontextmerkmalen gymnasialer Bildung. Perspektive der Schülerinnen und Schüler. Skalen- und Itemdokumentation.), 2) Mittelschulerhebung 2004 (Leutwyler & Maag Merki, 2004. Indikatoren zu Kontextmerkmalen gymnasialer Bildung. Perspektive der Schülerinnen und Schüler. Skalen- und Itemdokumentation.), Förderhaltung (1 von 5 Items), 3) Eigenkonstruktion IFES;aktiv;likert6_lehrp
qm_sekII;Foe_begab_a;Prozess;Unterricht;Fühlen Sie sich von Ihren Lehrpersonen gefördert?;Meine Lehrpersonen fördern mich dort, wo ich gut bin.;Item-Gruppe: Individuelle Förderung;school_type_id = 3, 8;;1) Clausen, 2002. Unterrichtsqualität: Eine Frage der Perspektive?  (2 von 4 Items, individuelle Bezugsnormorientierung) (zit. Leutwyler und Maag Merki, 2004. Indikatoren zu Kontextmerkmalen gymnasialer Bildung. Perspektive der Schülerinnen und Schüler. Skalen- und Itemdokumentation.), 2) Mittelschulerhebung 2004 (Leutwyler & Maag Merki, 2004. Indikatoren zu Kontextmerkmalen gymnasialer Bildung. Perspektive der Schülerinnen und Schüler. Skalen- und Itemdokumentation.), Förderhaltung (1 von 5 Items), 3) Eigenkonstruktion IFES;aktiv;likert6_lehrp
qm_sekII;Foe_kuemm;Input;Lehrpersonenexpertise;Fühlen Sie sich von Ihren Lehrpersonen gefördert?;Bei uns kümmern sich die Lehrpersonen auch um die Schülerinnen und Schüler, die nicht so schnell mitkommen.;Skala: Individuelle Förderung;school_type_id = 1, 4, 5;;1) Clausen, 2002. Unterrichtsqualität: Eine Frage der Perspektive?  (2 von 4 Items, individuelle Bezugsnormorientierung) (zit. Leutwyler und Maag Merki, 2004. Indikatoren zu Kontextmerkmalen gymnasialer Bildung. Perspektive der Schülerinnen und Schüler. Skalen- und Itemdokumentation.), 2) Mittelschulerhebung 2004 (Leutwyler & Maag Merki, 2004. Indikatoren zu Kontextmerkmalen gymnasialer Bildung. Perspektive der Schülerinnen und Schüler. Skalen- und Itemdokumentation.), Förderhaltung (1 von 5 Items), 3) Eigenkonstruktion IFES;aktiv;likert6_lehrp
qm_sekII;Foe_sch;Input;Lehrpersonenexpertise;Fühlen Sie sich von Ihren Lehrpersonen gefördert?;Unsere Lehrpersonen loben auch die leistungsschwächeren Schülerinnen und Schüler, wenn sie merken, dass sie sich verbessern.;Skala: Individuelle Förderung;school_type_id = 1, 4, 5;;1) Clausen, 2002. Unterrichtsqualität: Eine Frage der Perspektive?  (2 von 4 Items, individuelle Bezugsnormorientierung) (zit. Leutwyler und Maag Merki, 2004. Indikatoren zu Kontextmerkmalen gymnasialer Bildung. Perspektive der Schülerinnen und Schüler. Skalen- und Itemdokumentation.), 2) Mittelschulerhebung 2004 (Leutwyler & Maag Merki, 2004. Indikatoren zu Kontextmerkmalen gymnasialer Bildung. Perspektive der Schülerinnen und Schüler. Skalen- und Itemdokumentation.), Förderhaltung (1 von 5 Items), 3) Eigenkonstruktion IFES;aktiv;likert6_lehrp
qm_sekII;Geburtstag;Statistische Angaben;;Ihr Geburtsdatum (dd.mm.yyyy);Möchten Sie genauer wissen, weshalb wir Sie nach Geschlecht, Geburtsdatum, Staatsangehörigkeit und Muttersprache fragen? Hier erfahren Sie mehr: [a,target=_blank,href=https://www.zemces.ch/de/evaluationen-und-befragungen/datenschutz]Webseite ZEM CES[/a];Einzelitem: Geburtsdatum;;;;aktiv;
qm_sekII;Gefstoer_a;Prozess;Verhalten und Befinden der Lernenden;Wie fühlen Sie sich in Ihrer Klasse?;Ich fühle mich im Unterricht oft durch andere gestört.;Einzelitem: Sich gestört fühlen im Unterricht;school_type_id = 3, 8, 9;;Eigenkonstruktion IFES IPES, in Anlehnung an Steinert, Gerecht, Klieme & Doebrich (2003. Skalen zur Schulqualität: Dokumentation der Erhebungsinstrumente. Arbeitslatzuntersuchung (APU), Pädagogische Entwicklungsbilanzen (PEB) Materialen zur Bildungsforschung. Band 10).;aktiv;likert6_zutreffen
qm_sekII;Hbfach;Werdegang;;In welchem Bereich absolvieren Sie die höhere Fachausbildung bzw. besuchen Sie einen Lehrgang an einer höheren Fachschule?;;Einzelitem: Studienfach Höhere Fachschule / höhere berufliche Bildung;Taetigkeit = 10;;Vom Bund definierte 8 Bereiche für Höhere Fachschulen;aktiv;hbfach
qm_sekII;Inter_abu;Output/Outcome;Wahlmodul Interessensverschiebung;Wie hat sich Ihr Interesse an folgenden Fächern im Laufe %s<school_type_genitive> verändert?;Allgemeinbildende Fächer;Item-Gruppe: Interessensverschiebung (Optionales Wahlmodul);school_type_id = 8, 9;;Basierend auf Fächerangebot (MAR95, BMV 2009, Kantonale Verordnungen für FMS, HMS/WMS/IMS);aktiv;kleiner_groesser
qm_sekII;Inter_am;Output/Outcome;Wahlmodul Interessensverschiebung;Wie hat sich Ihr Interesse an folgenden Fächern im Laufe %s<school_type_genitive> verändert?;Anwendungen der Mathematik;Item-Gruppe: Interessensverschiebung (Optionales Wahlmodul);school_type_id = 1;;Basierend auf Fächerangebot (MAR95, BMV 2009, Kantonale Verordnungen für FMS, HMS/WMS/IMS);aktiv;kleiner_groesser
qm_sekII;Inter_bg;Output/Outcome;Wahlmodul Interessensverschiebung;Wie hat sich Ihr Interesse an folgenden Fächern im Laufe %s<school_type_genitive> verändert?;Bildnerisches Gestalten / Gestaltung;Item-Gruppe: Interessensverschiebung (Optionales Wahlmodul);school_type_id = 1, 4;;Basierend auf Fächerangebot (MAR95, BMV 2009, Kantonale Verordnungen für FMS, HMS/WMS/IMS);aktiv;kleiner_groesser
qm_sekII;Inter_biche;Output/Outcome;Wahlmodul Interessensverschiebung;Wie hat sich Ihr Interesse an folgenden Fächern im Laufe %s<school_type_genitive> verändert?;Biologie und Chemie (in Kombination als Schwerpunktfach);Item-Gruppe: Interessensverschiebung (Optionales Wahlmodul);school_type_id = 1;;Basierend auf Fächerangebot (MAR95, BMV 2009, Kantonale Verordnungen für FMS, HMS/WMS/IMS);aktiv;kleiner_groesser
qm_sekII;Inter_bio;Output/Outcome;Wahlmodul Interessensverschiebung;Wie hat sich Ihr Interesse an folgenden Fächern im Laufe %s<school_type_genitive> verändert?;Biologie (oder Kombination Biologie-Sport);Item-Gruppe: Interessensverschiebung (Optionales Wahlmodul);school_type_id = 1, 4;;Basierend auf Fächerangebot (MAR95, BMV 2009, Kantonale Verordnungen für FMS, HMS/WMS/IMS);aktiv;kleiner_groesser
qm_sekII;Inter_bkf;Output/Outcome;Wahlmodul Interessensverschiebung;Wie hat sich Ihr Interesse an folgenden Fächern im Laufe %s<school_type_genitive> verändert?;Berufskundliche Fächer;Item-Gruppe: Interessensverschiebung (Optionales Wahlmodul);school_type_id = 8, 9;;Basierend auf Fächerangebot (MAR95, BMV 2009, Kantonale Verordnungen für FMS, HMS/WMS/IMS);aktiv;kleiner_groesser
qm_sekII;Inter_boek;Output/Outcome;Wahlmodul Interessensverschiebung;Wie hat sich Ihr Interesse an folgenden Fächern im Laufe %s<school_type_genitive> verändert?;Biologie / Ökologie;Item-Gruppe: Interessensverschiebung (Optionales Wahlmodul);school_type_id = 3;;Basierend auf Fächerangebot (MAR95, BMV 2009, Kantonale Verordnungen für FMS, HMS/WMS/IMS);aktiv;kleiner_groesser
qm_sekII;Inter_chem;Output/Outcome;Wahlmodul Interessensverschiebung;Wie hat sich Ihr Interesse an folgenden Fächern im Laufe %s<school_type_genitive> verändert?;Chemie;Item-Gruppe: Interessensverschiebung (Optionales Wahlmodul);school_type_id = 1, 4, 5;;Basierend auf Fächerangebot (MAR95, BMV 2009, Kantonale Verordnungen für FMS, HMS/WMS/IMS);aktiv;kleiner_groesser
qm_sekII;Inter_de;Output/Outcome;Wahlmodul Interessensverschiebung;Wie hat sich Ihr Interesse an folgenden Fächern im Laufe %s<school_type_genitive> verändert?;Deutsch;Item-Gruppe: Interessensverschiebung (Optionales Wahlmodul);school_type_id = 1, 4, 5;;Basierend auf Fächerangebot (MAR95, BMV 2009, Kantonale Verordnungen für FMS, HMS/WMS/IMS);aktiv;kleiner_groesser
qm_sekII;Inter_eng;Output/Outcome;Wahlmodul Interessensverschiebung;Wie hat sich Ihr Interesse an folgenden Fächern im Laufe %s<school_type_genitive> verändert?;Englisch;Item-Gruppe: Interessensverschiebung (Optionales Wahlmodul);school_type_id = 1, 4, 5;;Basierend auf Fächerangebot (MAR95, BMV 2009, Kantonale Verordnungen für FMS, HMS/WMS/IMS);aktiv;kleiner_groesser
qm_sekII;Inter_es;Output/Outcome;Wahlmodul Interessensverschiebung;Wie hat sich Ihr Interesse an folgenden Fächern im Laufe %s<school_type_genitive> verändert?;Spanisch;Item-Gruppe: Interessensverschiebung (Optionales Wahlmodul);school_type_id = 1;;Basierend auf Fächerangebot (MAR95, BMV 2009, Kantonale Verordnungen für FMS, HMS/WMS/IMS);aktiv;kleiner_groesser
qm_sekII;Inter_fr;Output/Outcome;Wahlmodul Interessensverschiebung;Wie hat sich Ihr Interesse an folgenden Fächern im Laufe %s<school_type_genitive> verändert?;Französisch;Item-Gruppe: Interessensverschiebung (Optionales Wahlmodul);school_type_id = 1, 4, 5;;Basierend auf Fächerangebot (MAR95, BMV 2009, Kantonale Verordnungen für FMS, HMS/WMS/IMS);aktiv;kleiner_groesser
qm_sekII;Inter_fur;Output/Outcome;Wahlmodul Interessensverschiebung;Wie hat sich Ihr Interesse an folgenden Fächern im Laufe %s<school_type_genitive> verändert?;Finanz- und Rechnungswesen;Item-Gruppe: Interessensverschiebung (Optionales Wahlmodul);school_type_id = 5;;Basierend auf Fächerangebot (MAR95, BMV 2009, Kantonale Verordnungen für FMS, HMS/WMS/IMS);aktiv;kleiner_groesser
qm_sekII;Inter_geo;Output/Outcome;Wahlmodul Interessensverschiebung;Wie hat sich Ihr Interesse an folgenden Fächern im Laufe %s<school_type_genitive> verändert?;Geografie (auch in Kombination Geografie-Physik oder Geografie-Bildnerisches Gestalten);Item-Gruppe: Interessensverschiebung (Optionales Wahlmodul);school_type_id = 1, 4;;Basierend auf Fächerangebot (MAR95, BMV 2009, Kantonale Verordnungen für FMS, HMS/WMS/IMS);aktiv;kleiner_groesser
qm_sekII;Inter_gesch;Output/Outcome;Wahlmodul Interessensverschiebung;Wie hat sich Ihr Interesse an folgenden Fächern im Laufe %s<school_type_genitive> verändert?;Geschichte / Staatslehre / Politik;Item-Gruppe: Interessensverschiebung (Optionales Wahlmodul);school_type_id = 1, 4, 5;;Basierend auf Fächerangebot (MAR95, BMV 2009, Kantonale Verordnungen für FMS, HMS/WMS/IMS);aktiv;kleiner_groesser
qm_sekII;Inter_gkk;Output/Outcome;Wahlmodul Interessensverschiebung;Wie hat sich Ihr Interesse an folgenden Fächern im Laufe %s<school_type_genitive> verändert?;Gestaltung, Kunst, Kultur;Item-Gruppe: Interessensverschiebung (Optionales Wahlmodul);school_type_id = 3;;Basierend auf Fächerangebot (MAR95, BMV 2009, Kantonale Verordnungen für FMS, HMS/WMS/IMS);aktiv;kleiner_groesser
qm_sekII;Inter_grie;Output/Outcome;Wahlmodul Interessensverschiebung;Wie hat sich Ihr Interesse an folgenden Fächern im Laufe %s<school_type_genitive> verändert?;Griechisch;Item-Gruppe: Interessensverschiebung (Optionales Wahlmodul);school_type_id = 1;;Basierend auf Fächerangebot (MAR95, BMV 2009, Kantonale Verordnungen für FMS, HMS/WMS/IMS);aktiv;kleiner_groesser
qm_sekII;Inter_ict;Output/Outcome;Wahlmodul Interessensverschiebung;Wie hat sich Ihr Interesse an folgenden Fächern im Laufe %s<school_type_genitive> verändert?;Informations- und Kommunikationstechnologien (Informatik);Item-Gruppe: Interessensverschiebung (Optionales Wahlmodul);school_type_id = 1, 4, 5;;Basierend auf Fächerangebot (MAR95, BMV 2009, Kantonale Verordnungen für FMS, HMS/WMS/IMS);aktiv;kleiner_groesser
qm_sekII;Inter_ika;Output/Outcome;Wahlmodul Interessensverschiebung;Wie hat sich Ihr Interesse an folgenden Fächern im Laufe %s<school_type_genitive> verändert?;Information / Kommunikation / Administration;Item-Gruppe: Interessensverschiebung (Optionales Wahlmodul);school_type_id = 5;;Basierend auf Fächerangebot (MAR95, BMV 2009, Kantonale Verordnungen für FMS, HMS/WMS/IMS);aktiv;kleiner_groesser
qm_sekII;Inter_ipt;Output/Outcome;Wahlmodul Interessensverschiebung;Wie hat sich Ihr Interesse an folgenden Fächern im Laufe %s<school_type_genitive> verändert?;Integrierte Praxisteile (IPT);Item-Gruppe: Interessensverschiebung (Optionales Wahlmodul);school_type_id = 5;;Basierend auf Fächerangebot (MAR95, BMV 2009, Kantonale Verordnungen für FMS, HMS/WMS/IMS);aktiv;kleiner_groesser
qm_sekII;Inter_it;Output/Outcome;Wahlmodul Interessensverschiebung;Wie hat sich Ihr Interesse an folgenden Fächern im Laufe %s<school_type_genitive> verändert?;Italienisch;Item-Gruppe: Interessensverschiebung (Optionales Wahlmodul);school_type_id = 1, 4, 5;;Basierend auf Fächerangebot (MAR95, BMV 2009, Kantonale Verordnungen für FMS, HMS/WMS/IMS);aktiv;kleiner_groesser
qm_sekII;Inter_iuk;Output/Outcome;Wahlmodul Interessensverschiebung;Wie hat sich Ihr Interesse an folgenden Fächern im Laufe %s<school_type_genitive> verändert?;Information und Kommunikation;Item-Gruppe: Interessensverschiebung (Optionales Wahlmodul);school_type_id = 3;;Basierend auf Fächerangebot (MAR95, BMV 2009, Kantonale Verordnungen für FMS, HMS/WMS/IMS);aktiv;kleiner_groesser
qm_sekII;Inter_lat;Output/Outcome;Wahlmodul Interessensverschiebung;Wie hat sich Ihr Interesse an folgenden Fächern im Laufe %s<school_type_genitive> verändert?;Latein;Item-Gruppe: Interessensverschiebung (Optionales Wahlmodul);school_type_id = 1;;Basierend auf Fächerangebot (MAR95, BMV 2009, Kantonale Verordnungen für FMS, HMS/WMS/IMS);aktiv;kleiner_groesser
qm_sekII;Inter_math;Output/Outcome;Wahlmodul Interessensverschiebung;Wie hat sich Ihr Interesse an folgenden Fächern im Laufe %s<school_type_genitive> verändert?;Mathematik;Item-Gruppe: Interessensverschiebung (Optionales Wahlmodul);school_type_id = 1, 4, 5;;Basierend auf Fächerangebot (MAR95, BMV 2009, Kantonale Verordnungen für FMS, HMS/WMS/IMS);aktiv;kleiner_groesser
qm_sekII;Inter_mus;Output/Outcome;Wahlmodul Interessensverschiebung;Wie hat sich Ihr Interesse an folgenden Fächern im Laufe %s<school_type_genitive> verändert?;Musik;Item-Gruppe: Interessensverschiebung (Optionales Wahlmodul);school_type_id = 1, 4;;Basierend auf Fächerangebot (MAR95, BMV 2009, Kantonale Verordnungen für FMS, HMS/WMS/IMS);aktiv;kleiner_groesser
qm_sekII;Inter_nat;Output/Outcome;Wahlmodul Interessensverschiebung;Wie hat sich Ihr Interesse an folgenden Fächern im Laufe %s<school_type_genitive> verändert?;Naturwissenschaften;Item-Gruppe: Interessensverschiebung (Optionales Wahlmodul);school_type_id = 3;;Basierend auf Fächerangebot (MAR95, BMV 2009, Kantonale Verordnungen für FMS, HMS/WMS/IMS);aktiv;kleiner_groesser
qm_sekII;Inter_paepsy;Output/Outcome;Wahlmodul Interessensverschiebung;Wie hat sich Ihr Interesse an folgenden Fächern im Laufe %s<school_type_genitive> verändert?;Pädagogik / Psychologie;Item-Gruppe: Interessensverschiebung (Optionales Wahlmodul);school_type_id = 1, 4;;Basierend auf Fächerangebot (MAR95, BMV 2009, Kantonale Verordnungen für FMS, HMS/WMS/IMS);aktiv;kleiner_groesser
qm_sekII;Inter_phil;Output/Outcome;Wahlmodul Interessensverschiebung;Wie hat sich Ihr Interesse an folgenden Fächern im Laufe %s<school_type_genitive> verändert?;Philosophie (auch in Kombination Philosophie-Religion oder Philosophie-Deutsch);Item-Gruppe: Interessensverschiebung (Optionales Wahlmodul);school_type_id = 1, 4;;Basierend auf Fächerangebot (MAR95, BMV 2009, Kantonale Verordnungen für FMS, HMS/WMS/IMS);aktiv;kleiner_groesser
qm_sekII;Inter_phy;Output/Outcome;Wahlmodul Interessensverschiebung;Wie hat sich Ihr Interesse an folgenden Fächern im Laufe %s<school_type_genitive> verändert?;Physik;Item-Gruppe: Interessensverschiebung (Optionales Wahlmodul);school_type_id = 1, 4, 5;;Basierend auf Fächerangebot (MAR95, BMV 2009, Kantonale Verordnungen für FMS, HMS/WMS/IMS);aktiv;kleiner_groesser
qm_sekII;Inter_phyam;Output/Outcome;Wahlmodul Interessensverschiebung;Wie hat sich Ihr Interesse an folgenden Fächern im Laufe %s<school_type_genitive> verändert?;Physik und Anwendungen der Mathematik (in Kombination als Schwerpunktfach);Item-Gruppe: Interessensverschiebung (Optionales Wahlmodul);school_type_id = 1;;Basierend auf Fächerangebot (MAR95, BMV 2009, Kantonale Verordnungen für FMS, HMS/WMS/IMS);aktiv;kleiner_groesser
qm_sekII;Inter_ppp;Output/Outcome;Wahlmodul Interessensverschiebung;Wie hat sich Ihr Interesse an folgenden Fächern im Laufe %s<school_type_genitive> verändert?;Philosophie / Pädagogik / Psychologie (in Kombination als Schwerpunktfach);Item-Gruppe: Interessensverschiebung (Optionales Wahlmodul);school_type_id = 1;;Basierend auf Fächerangebot (MAR95, BMV 2009, Kantonale Verordnungen für FMS, HMS/WMS/IMS);aktiv;kleiner_groesser
qm_sekII;Inter_reli;Output/Outcome;Wahlmodul Interessensverschiebung;Wie hat sich Ihr Interesse an folgenden Fächern im Laufe %s<school_type_genitive> verändert?;Religionslehre / Religion und Ethik;Item-Gruppe: Interessensverschiebung (Optionales Wahlmodul);school_type_id = 1;;Basierend auf Fächerangebot (MAR95, BMV 2009, Kantonale Verordnungen für FMS, HMS/WMS/IMS);aktiv;kleiner_groesser
qm_sekII;Inter_rom;Output/Outcome;Wahlmodul Interessensverschiebung;Wie hat sich Ihr Interesse an folgenden Fächern im Laufe %s<school_type_genitive> verändert?;Romanisch;Item-Gruppe: Interessensverschiebung (Optionales Wahlmodul);school_type_id = 1, 4, 5;;Basierend auf Fächerangebot (MAR95, BMV 2009, Kantonale Verordnungen für FMS, HMS/WMS/IMS);aktiv;kleiner_groesser
qm_sekII;Inter_ru;Output/Outcome;Wahlmodul Interessensverschiebung;Wie hat sich Ihr Interesse an folgenden Fächern im Laufe %s<school_type_genitive> verändert?;Russisch;Item-Gruppe: Interessensverschiebung (Optionales Wahlmodul);school_type_id = 1;;Basierend auf Fächerangebot (MAR95, BMV 2009, Kantonale Verordnungen für FMS, HMS/WMS/IMS);aktiv;kleiner_groesser
qm_sekII;Inter_soz;Output/Outcome;Wahlmodul Interessensverschiebung;Wie hat sich Ihr Interesse an folgenden Fächern im Laufe %s<school_type_genitive> verändert?;Sozialwissenschaften;Item-Gruppe: Interessensverschiebung (Optionales Wahlmodul);school_type_id = 3;;Basierend auf Fächerangebot (MAR95, BMV 2009, Kantonale Verordnungen für FMS, HMS/WMS/IMS);aktiv;kleiner_groesser
qm_sekII;Inter_sport;Output/Outcome;Wahlmodul Interessensverschiebung;Wie hat sich Ihr Interesse an folgenden Fächern im Laufe %s<school_type_genitive> verändert?;Sport;Item-Gruppe: Interessensverschiebung (Optionales Wahlmodul);school_type_id = 1, 4, 5;;Basierend auf Fächerangebot (MAR95, BMV 2009, Kantonale Verordnungen für FMS, HMS/WMS/IMS);aktiv;kleiner_groesser
qm_sekII;Inter_tuu;Output/Outcome;Wahlmodul Interessensverschiebung;Wie hat sich Ihr Interesse an folgenden Fächern im Laufe %s<school_type_genitive> verändert?;Technik und Umwelt;Item-Gruppe: Interessensverschiebung (Optionales Wahlmodul);school_type_id = 3;;Basierend auf Fächerangebot (MAR95, BMV 2009, Kantonale Verordnungen für FMS, HMS/WMS/IMS);aktiv;kleiner_groesser
qm_sekII;Inter_uek;Output/Outcome;Wahlmodul Interessensverschiebung;Wie hat sich Ihr Interesse an folgenden Fächern im Laufe %s<school_type_genitive> verändert?;Überbetriebliche Kurse/Einführungskurse;Item-Gruppe: Interessensverschiebung (Optionales Wahlmodul);school_type_id = 8, 9;;Basierend auf Fächerangebot (MAR95, BMV 2009, Kantonale Verordnungen für FMS, HMS/WMS/IMS);aktiv;kleiner_groesser
qm_sekII;Inter_vbr;Output/Outcome;Wahlmodul Interessensverschiebung;Wie hat sich Ihr Interesse an folgenden Fächern im Laufe %s<school_type_genitive> verändert?;Volkswirtschaft / Betriebswirtschaft / Recht;Item-Gruppe: Interessensverschiebung (Optionales Wahlmodul);school_type_id = 5;;Basierend auf Fächerangebot (MAR95, BMV 2009, Kantonale Verordnungen für FMS, HMS/WMS/IMS);aktiv;kleiner_groesser
qm_sekII;Inter_wug;Output/Outcome;Wahlmodul Interessensverschiebung;Wie hat sich Ihr Interesse an folgenden Fächern im Laufe %s<school_type_genitive> verändert?;Wirtschaft und Gesellschaft;Item-Gruppe: Interessensverschiebung (Optionales Wahlmodul);school_type_id = 5;;Basierend auf Fächerangebot (MAR95, BMV 2009, Kantonale Verordnungen für FMS, HMS/WMS/IMS);aktiv;kleiner_groesser
qm_sekII;Inter_wur;Output/Outcome;Wahlmodul Interessensverschiebung;Wie hat sich Ihr Interesse an folgenden Fächern im Laufe %s<school_type_genitive> verändert?;Wirtschaft und Recht;Item-Gruppe: Interessensverschiebung (Optionales Wahlmodul);school_type_id = 1, 4;;Basierend auf Fächerangebot (MAR95, BMV 2009, Kantonale Verordnungen für FMS, HMS/WMS/IMS);aktiv;kleiner_groesser
qm_sekII;Itaus_a;Input;Infrastruktur der Schule;Wie beurteilen Sie die Ausstattung Ihrer Schule?;Die IT-Ausstattung der Schule (WLAN, Computerräume, Support u. ä.) ist gut.;Einzelitem: IT-Ausstattung;school_type_id = 3, 8;;Eigenkonstruktion IFES IPES in Anlehnung an Endberg & Lorenz (2016. Schule digital – der Länderindikator  2016. Kompetenzen von Lehrpersonen der Sekundarstufe I im Umgang mit digitalen Medien im Bundesländervergleich (S. 42-79)).;aktiv;likert6_zutreffen
qm_sekII;Itkompetenz;Output/Outcome;Überfachliche Kompetenzen;Wie beurteilen Sie Ihre methodischen Kompetenzen?;Ich kann gut mit IT-Anwendungen (Word, Excel, Internet- und E-Mailprogramme etc.) umgehen.;Einzelitem: Selbsteinschätzung der IT-Kompetenzen;school_type_id = 1, 4, 5;;1) Standardisierte Ehemaligenbefragung, 2) Eigenkonstruktion IFES IPES;aktiv;likert6_zutreffen
qm_sekII;Itkompetenz_a;Output/Outcome;Überfachliche Kompetenzen;Haben Sie in der Zeit an Ihrer Schule in folgenden Bereichen dazu gelernt? Ich habe an der Schule gelernt, ...;... mit allgemeinen IT-Anwendungen (Word, Excel, Internet- und E-Mail-Programme etc.) umzugehen.;Item-Gruppe: Selbsteinschätzung des Zuwachses IT-Kompetenzen;school_type_id = 3, 8, 9;;1) Standardisierte Ehemaligenbefragung, 2) Eigenkonstruktion IFES IPES;aktiv;likert6_zutreffen
qm_sekII;Itkompetenzber_a;Output/Outcome;Überfachliche Kompetenzen;Haben Sie in der Zeit an Ihrer Schule in folgenden Bereichen dazu gelernt? Ich habe an der Schule gelernt, ...;... mit Computerprogrammen umzugehen, die ich in meinem Beruf brauche.;Item-Gruppe: Selbsteinschätzung des Zuwachses IT-Kompetenzen;school_type_id = 3, 8, 9;;1) Standardisierte Ehemaligenbefragung, 2) Eigenkonstruktion IFES IPES;aktiv;likert6_zutreffen
qm_sekII;Klafue_lzl_a;Prozess;Unterricht;Wie gestalten die Lehrpersonen den Unterricht an Ihrer Schule?;Unsere Lehrpersonen sagen uns am Anfang der Unterrichtsstunde, was wir in dieser Stunde lernen werden.;Einzelitem: Klassenführung: Lernziele Lektion;school_type_id = 3, 8, 9;;"Basierend auf der ersten von drei Skalen zu Klarheit und Strukturiertheit aus dem Pythagoras Projekt (Klieme, Pauli, Reusser, 2005; Rakoczy, Katrin, Buff, Alex & Lipowsky, Frank. (2005). Befragungsinstrumente. In: E. Klieme, C. Pauli & K. Reusser, Dokumentation der Erhebungs- und Auswertungsintrumente zur schweizerisch-deutschen Videostudie „Unterrichtsqualität, Lernverhalten und mathematisches Verständnis): 1) Zielklarheit (2), 2) Erklärungskompetenz (2), 3) Strukturierungshilfe (2)";aktiv;likert6_zutreffen
qm_sekII;Klafue_lzz_a;Prozess;Unterricht;Wie gestalten die Lehrpersonen den Unterricht an Ihrer Schule?;Unsere Lehrpersonen sagen uns regelmässig, was wir in nächster Zeit im Unterricht lernen werden.;Einzelitem: Klassenführung: Lernziele nahe Zukunft;school_type_id = 3, 8;;"Basierend auf der ersten von drei Skalen zu Klarheit und Strukturiertheit aus dem Pythagoras Projekt (Klieme, Pauli, Reusser, 2005; Rakoczy, Katrin, Buff, Alex & Lipowsky, Frank. (2005). Befragungsinstrumente. In: E. Klieme, C. Pauli & K. Reusser, Dokumentation der Erhebungs- und Auswertungsintrumente zur schweizerisch-deutschen Videostudie „Unterrichtsqualität, Lernverhalten und mathematisches Verständnis): 1) Zielklarheit (2), 2) Erklärungskompetenz (2), 3) Strukturierungshilfe (2)";aktiv;likert6_zutreffen
qm_sekII;Klafueaufs_a;Prozess;Unterricht;Wie gestalten die Lehrpersonen den Unterricht an Ihrer Schule?;Unsere Lehrpersonen sorgen dafür, dass alle dem Unterricht folgen.;Einzelitem: Klassenführung: Kontrolle durch Begleitung;school_type_id = 3, 8;;Eigenkonstruktion IFES IPES;aktiv;likert6_zutreffen
qm_sekII;Klafuebegl_a;Prozess;Unterricht;Wie gestalten die Lehrpersonen den Unterricht an Ihrer Schule?;Unsere Lehrpersonen begleiten uns aufmerksam beim Arbeiten.;Einzelitem: Klassenführung: Kontrolle durch Aufsicht;school_type_id = 3, 8, 9;;Eigenkonstruktion IFES IPES in Anlehnung an Mayr, Eder und Fartacek (2005. Linzer Diagnosebogen zur Klassenführung (LDK)).;aktiv;likert6_zutreffen
qm_sekII;Klar_merk;Prozess;Unterricht;Wie klar und strukturiert erleben Sie den Unterricht?;Unsere Lehrpersonen sagen, was wir uns besonders gut merken sollen.;Skala: Klarheit und Struktur;school_type_id = 1;Mean, Ausschluss wenn Missings >3;"Zusammenstellung basierend auf 3 Skalen zu Klarheit und Strukturiertheit aus dem Pythagoras Projekt (Klieme, Pauli, Reusser, 2005; Rakoczy, Katrin, Buff, Alex & Lipowsky, Frank. (2005). Befragungsinstrumente. In: E. Klieme, C. Pauli & K. Reusser, Dokumentation der Erhebungs- und Auswertungsintrumente zur schweizerisch-deutschen Videostudie „Unterrichtsqualität, Lernverhalten und mathematisches Verständnis): 1) Zielklarheit (2), 2) Erklärungskompetenz (2), 3) Strukturierungshilfe (2)";aktiv;likert6_lehrp
qm_sekII;Klar_reih;Prozess;Unterricht;Wie klar und strukturiert erleben Sie den Unterricht?;Unsere Lehrpersonen erklären die Dinge schön der Reihe nach.;Skala: Klarheit und Struktur;school_type_id = 1;Mean, Ausschluss wenn Missings >4;"Zusammenstellung basierend auf 3 Skalen zu Klarheit und Strukturiertheit aus dem Pythagoras Projekt (Klieme, Pauli, Reusser, 2005; Rakoczy, Katrin, Buff, Alex & Lipowsky, Frank. (2005). Befragungsinstrumente. In: E. Klieme, C. Pauli & K. Reusser, Dokumentation der Erhebungs- und Auswertungsintrumente zur schweizerisch-deutschen Videostudie „Unterrichtsqualität, Lernverhalten und mathematisches Verständnis): 1) Zielklarheit (2), 2) Erklärungskompetenz (2), 3) Strukturierungshilfe (2)";aktiv;likert6_lehrp
qm_sekII;Klar_verst;Prozess;Unterricht;Wie klar und strukturiert erleben Sie den Unterricht?;Unsere Lehrpersonen erklären so, dass man auch bei schwierigen Aufgaben gut nachkommt.;Skala: Klarheit und Struktur;school_type_id = 1;Mean, Ausschluss wenn Missings >5;"Zusammenstellung basierend auf 3 Skalen zu Klarheit und Strukturiertheit aus dem Pythagoras Projekt (Klieme, Pauli, Reusser, 2005; Rakoczy, Katrin, Buff, Alex & Lipowsky, Frank. (2005). Befragungsinstrumente. In: E. Klieme, C. Pauli & K. Reusser, Dokumentation der Erhebungs- und Auswertungsintrumente zur schweizerisch-deutschen Videostudie „Unterrichtsqualität, Lernverhalten und mathematisches Verständnis): 1) Zielklarheit (2), 2) Erklärungskompetenz (2), 3) Strukturierungshilfe (2)";aktiv;likert6_lehrp
qm_sekII;Klar_ziel;Prozess;Unterricht;Wie klar und strukturiert erleben Sie den Unterricht?;Unsere Lehrpersonen geben uns am Anfang der Unterrichtsstunde bekannt, was sie mit uns lernen wollen.;Skala: Klarheit und Struktur;school_type_id = 1;Mean, Ausschluss wenn Missings >6;"Zusammenstellung basierend auf 3 Skalen zu Klarheit und Strukturiertheit aus dem Pythagoras Projekt (Klieme, Pauli, Reusser, 2005; Rakoczy, Katrin, Buff, Alex & Lipowsky, Frank. (2005). Befragungsinstrumente. In: E. Klieme, C. Pauli & K. Reusser, Dokumentation der Erhebungs- und Auswertungsintrumente zur schweizerisch-deutschen Videostudie „Unterrichtsqualität, Lernverhalten und mathematisches Verständnis): 1) Zielklarheit (2), 2) Erklärungskompetenz (2), 3) Strukturierungshilfe (2)";aktiv;likert6_lehrp
qm_sekII;Klar_zuku;Prozess;Unterricht;Wie klar und strukturiert erleben Sie den Unterricht?;Unsere Lehrpersonen sagen regelmässig, was in nächster Zeit im Unterricht gelernt wird.;Skala: Klarheit und Struktur;school_type_id = 1;Mean, Ausschluss wenn Missings >7;"Zusammenstellung basierend auf 3 Skalen zu Klarheit und Strukturiertheit aus dem Pythagoras Projekt (Klieme, Pauli, Reusser, 2005; Rakoczy, Katrin, Buff, Alex & Lipowsky, Frank. (2005). Befragungsinstrumente. In: E. Klieme, C. Pauli & K. Reusser, Dokumentation der Erhebungs- und Auswertungsintrumente zur schweizerisch-deutschen Videostudie „Unterrichtsqualität, Lernverhalten und mathematisches Verständnis): 1) Zielklarheit (2), 2) Erklärungskompetenz (2), 3) Strukturierungshilfe (2)";aktiv;likert6_lehrp
qm_sekII;Klar_zusam;Prozess;Unterricht;Wie klar und strukturiert erleben Sie den Unterricht?;Unsere Lehrpersonen fassen häufig nochmals den Stoff zusammen, damit wir ihn uns gut merken können.;Skala: Klarheit und Struktur;school_type_id = 1;Mean, Ausschluss wenn Missings >8;"Zusammenstellung basierend auf 3 Skalen zu Klarheit und Strukturiertheit aus dem Pythagoras Projekt (Klieme, Pauli, Reusser, 2005; Rakoczy, Katrin, Buff, Alex & Lipowsky, Frank. (2005). Befragungsinstrumente. In: E. Klieme, C. Pauli & K. Reusser, Dokumentation der Erhebungs- und Auswertungsintrumente zur schweizerisch-deutschen Videostudie „Unterrichtsqualität, Lernverhalten und mathematisches Verständnis): 1) Zielklarheit (2), 2) Erklärungskompetenz (2), 3) Strukturierungshilfe (2)";aktiv;likert6_lehrp
qm_sekII;Klima_ansp;Prozess;Schulführung;Wie beurteilen Sie das Klima an Ihrer Schule?;Bei Problemen stehen mir Ansprechpersonen an der Schule zur Verfügung, mit denen ich mich besprechen kann.;Skala: Klarheit und Struktur;school_type_id = 1;Mean, Ausschluss wenn Missings >2;1) Ehemaligenbefragung des Kantons Zürich (Statistisches Amt des Kantons Zürich, 2009), 2) Eigenkonstruktion IVM;aktiv;likert6_zutreffen
qm_sekII;Klima_ansp_a;Prozess;Schulführung;Wie beurteilen Sie das Klima an Ihrer Schule? An unserer Schule...;... stehen uns bei Problemen Ansprechpersonen zur Verfügung, mit denen wir uns besprechen können.;Skala: Schulklima;school_type_id = 3, 8;Mean, Ausschluss wenn Missings >2;1) Ehemaligenbefragung des Kantons Zürich (Statistisches Amt des Kantons Zürich, 2009), 2) Eigenkonstruktion IVM;aktiv;likert6_zutreffen
qm_sekII;Klima_ernst;Prozess;Schulführung;Wie beurteilen Sie das Klima an Ihrer Schule?;Ich werde an meiner Schule ernst genommen.;Skala: Schulklima;school_type_id = 1;Mean, Ausschluss wenn Missings >2;1) Ehemaligenbefragung des Kantons Zürich (Statistisches Amt des Kantons Zürich, 2009), 2) Eigenkonstruktion IVM;aktiv;likert6_zutreffen
qm_sekII;Klima_ernst_a;Prozess;Schulführung;Wie beurteilen Sie das Klima an Ihrer Schule? An unserer Schule...;... werden wir ernst genommen.;Skala: Schulklima;school_type_id = 3, 8, 9;Mean, Ausschluss wenn Missings >2;1) Ehemaligenbefragung des Kantons Zürich (Statistisches Amt des Kantons Zürich, 2009), 2) Eigenkonstruktion IVM;aktiv;likert6_zutreffen
qm_sekII;Klima_kuem;Prozess;Schulführung;Wie beurteilen Sie das Klima an Ihrer Schule?;An der Schule kümmert man sich darum, wie es den Schülerinnen und Schülern geht.;Skala: Schulklima;school_type_id = 1;Mean, Ausschluss wenn Missings >2;1) Ehemaligenbefragung des Kantons Zürich (Statistisches Amt des Kantons Zürich, 2009), 2) Eigenkonstruktion IVM;aktiv;likert6_zutreffen
qm_sekII;Klima_kuem_a;Prozess;Schulführung;Wie beurteilen Sie das Klima an Ihrer Schule? An unserer Schule...;... kümmert man sich darum, wie es uns geht.;Skala: Schulklima;school_type_id = 3, 8;Mean, Ausschluss wenn Missings >2;1) Ehemaligenbefragung des Kantons Zürich (Statistisches Amt des Kantons Zürich, 2009), 2) Eigenkonstruktion IVM;aktiv;likert6_zutreffen
qm_sekII;Klima_resp;Prozess;Schulführung;Wie beurteilen Sie das Klima an Ihrer Schule?;An unserer Schule wird ein respektvoller Umgang miteinander gepflegt.;Skala: Schulklima;school_type_id = 1;Mean, Ausschluss wenn Missings >2;1) Ehemaligenbefragung des Kantons Zürich (Statistisches Amt des Kantons Zürich, 2009), 2) Eigenkonstruktion IVM;aktiv;likert6_zutreffen
qm_sekII;Klima_resp_a;Prozess;Schulführung;Wie beurteilen Sie das Klima an Ihrer Schule? An unserer Schule...;... wird ein respektvoller Umgang miteinander gepflegt.;Skala: Schulklima;school_type_id = 3, 8;Mean, Ausschluss wenn Missings >2;1) Ehemaligenbefragung des Kantons Zürich (Statistisches Amt des Kantons Zürich, 2009), 2) Eigenkonstruktion IVM;aktiv;likert6_zutreffen
qm_sekII;Klima_sl;Prozess;Schulführung;Wie beurteilen Sie das Klima an Ihrer Schule?;Die Schulleitung nimmt Vorschläge und Rückmeldungen der Schülerschaft oder der Schülerorganisation ernst.;Skala: Schulklima;school_type_id = 1;Mean, Ausschluss wenn Missings >2;1) Ehemaligenbefragung des Kantons Zürich (Statistisches Amt des Kantons Zürich, 2009), 2) Eigenkonstruktion IVM;aktiv;likert6_zutreffen
qm_sekII;Klima_sl_a;Prozess;Schulführung;Wie beurteilen Sie das Klima an Ihrer Schule? An unserer Schule...;... werden unsere Vorschläge und Rückmeldungen angehört.;Skala: Schulklima;school_type_id = 3, 8;Mean, Ausschluss wenn Missings >2;1) Ehemaligenbefragung des Kantons Zürich (Statistisches Amt des Kantons Zürich, 2009), 2) Eigenkonstruktion IVM;aktiv;likert6_zutreffen
qm_sekII;Komp_wenig;Ausbildungsstand bei Schulabschluss;Schulführung;Welche aus Ihrer Sicht wichtigen überfachlichen Kompetenzen wurden in der Schulausbildung nicht oder zu wenig gefördert?;;Einzelitem: Zu wenig geförderte überfachliche Kompetenz;;;Eigenkonstruktion des IVM;aktiv;
qm_sekII;Koop_betr_a;Prozess;Schulführung;Wie sehr treffen folgende Aussagen auf Ihre Schule zu? (BM2-Lernende bitte diese Fragen nicht beantworten);Was ich in der Schule und im Betrieb lerne, ist aufeinander abgestimmt.;Item-Gruppe: Kooperation der 3 Lernorte;school_type_id = 3, 8, 9;;Eigenkonstruktion IFES IPES in Anlehnung an Berger & Walden (1996. Praxis der Kooperation zwischen Schule und Betrieb – Ansätze zur Typisierung von Kooperationsaktivitäten und -verständnissen. In: Pätzold, G. & Walden, G. (Hrsg.): Lernorte im dualen System der Berufsbildung, (S. 409- 430)).;aktiv;likert6_zutreffen
qm_sekII;Koop_uk_a;Prozess;Schulführung;Wie sehr treffen folgende Aussagen auf Ihre Schule zu? (BM2-Lernende bitte diese Fragen nicht beantworten);Was ich in der Schule und in den ÜK lerne, ist aufeinander abgestimmt.;Item-Gruppe: Kooperation der 3 Lernorte;school_type_id = 3, 8;;Eigenkonstruktion IFES IPES in Anlehnung an Berger & Walden (1996. Praxis der Kooperation zwischen Schule und Betrieb – Ansätze zur Typisierung von Kooperationsaktivitäten und -verständnissen. In: Pätzold, G. & Walden, G. (Hrsg.): Lernorte im dualen System der Berufsbildung, (S. 409- 430)).;aktiv;likert6_zutreffen
qm_sekII;Laufbahnu;Ihre Ausbildung;;Wie gut hat Sie Ihre Schule in Ihrer Laufbahnplanung unterstützt?;Aus heutiger Sicht hat mich meine Schule gut bei der Studienwahl bzw. Laufbahnplanung unterstützt.;Einzelitem: Unterstützung Laufbahnplanung;;;Eigenkonstruktion des IFES (Abwandlung der 2 original Items IVM);aktiv;likert6_zutreffen2
qm_sekII;Lehrmat_a;Prozess;Unterricht;Wie ist das Lernmaterial, das Sie an Ihrer Schule nutzen?;Die Lernmaterialien (Lehrmittel, Unterlagen, Software usw.) sind aktuell.;Einzelitem:Lehr- und Lernmaterial;school_type_id = 3, 8, 9;;Eigenkonstruktion des IFES IPES.;aktiv;likert6_zutreffen
qm_sekII;Lehrumfeld_a;Input;Individuelle Eingangsvoraussetzungen der Lernenden;%s<title_p11_g2>;Falls nötig hilft mir jemand in meinem Lehrbetrieb beim Lernen für die Schule.;Einzelitem: Unterstützung durch den Lehrbetrieb;school_type_id = 3, 8, 9;;Eigenkonstruktion des IFES IPES.;aktiv;likert6_zutreffen
qm_sekII;Lern_abu;;;;;;;;;Item erhoben bis 2016;
qm_sekII;Lern_am;Output/Outcome;Selbsteinschätzung des Lernerfolgs in den einzelnen Fächern;Sind Sie der Meinung, in den von Ihnen belegten Fächern viel gelernt zu haben?;Anwendungen der Mathematik;Item-Gruppe: Selbsteinschätzung des Lernerfolgs;school_type_id = 1;;Basierend auf Fächerangebot (MAR95, BMV 2009, Kantonale Verordnungen für FMS, HMS/WMS/IMS);aktiv;likert6_lernen
qm_sekII;Lern_bg;Output/Outcome;Selbsteinschätzung des Lernerfolgs in den einzelnen Fächern;Sind Sie der Meinung, in den von Ihnen belegten Fächern viel gelernt zu haben?;Bildnerisches Gestalten / Gestaltung;Item-Gruppe: Selbsteinschätzung des Lernerfolgs;school_type_id = 1, 4;;Basierend auf Fächerangebot (MAR95, BMV 2009, Kantonale Verordnungen für FMS, HMS/WMS/IMS);aktiv;likert6_lernen
qm_sekII;Lern_biche;Output/Outcome;Selbsteinschätzung des Lernerfolgs in den einzelnen Fächern;Sind Sie der Meinung, in den von Ihnen belegten Fächern viel gelernt zu haben?;Biologie und Chemie (in Kombination als Schwerpunktfach);Item-Gruppe: Selbsteinschätzung des Lernerfolgs;school_type_id = 1;;Basierend auf Fächerangebot (MAR95, BMV 2009, Kantonale Verordnungen für FMS, HMS/WMS/IMS);aktiv;likert6_lernen
qm_sekII;Lern_bio;Output/Outcome;Selbsteinschätzung des Lernerfolgs in den einzelnen Fächern;Sind Sie der Meinung, in den von Ihnen belegten Fächern viel gelernt zu haben?;Biologie (oder Kombination Biologie-Sport);Item-Gruppe: Selbsteinschätzung des Lernerfolgs;school_type_id = 1, 4;;Basierend auf Fächerangebot (MAR95, BMV 2009, Kantonale Verordnungen für FMS, HMS/WMS/IMS);aktiv;likert6_lernen
qm_sekII;Lern_bkf;;;;;;;;;Item erhoben bis 2016;
qm_sekII;Lern_chem;Output/Outcome;Selbsteinschätzung des Lernerfolgs in den einzelnen Fächern;Sind Sie der Meinung, in den von Ihnen belegten Fächern viel gelernt zu haben?;Chemie;Item-Gruppe: Selbsteinschätzung des Lernerfolgs;school_type_id = 1, 3, 4, 5;;Basierend auf Fächerangebot (MAR95, BMV 2009, Kantonale Verordnungen für FMS, HMS/WMS/IMS);aktiv;likert6_lernen
qm_sekII;Lern_de;Output/Outcome;Selbsteinschätzung des Lernerfolgs in den einzelnen Fächern;Sind Sie der Meinung, in den von Ihnen belegten Fächern viel gelernt zu haben?;Deutsch;Item-Gruppe: Selbsteinschätzung des Lernerfolgs;school_type_id = 1, 3, 4, 5;;Basierend auf Fächerangebot (MAR95, BMV 2009, Kantonale Verordnungen für FMS, HMS/WMS/IMS);aktiv;likert6_lernen
qm_sekII;Lern_eng;Output/Outcome;Selbsteinschätzung des Lernerfolgs in den einzelnen Fächern;Sind Sie der Meinung, in den von Ihnen belegten Fächern viel gelernt zu haben?;Englisch;Item-Gruppe: Selbsteinschätzung des Lernerfolgs;school_type_id = 1, 3, 4, 5;;Basierend auf Fächerangebot (MAR95, BMV 2009, Kantonale Verordnungen für FMS, HMS/WMS/IMS);aktiv;likert6_lernen
qm_sekII;Lern_es;Output/Outcome;Selbsteinschätzung des Lernerfolgs in den einzelnen Fächern;Sind Sie der Meinung, in den von Ihnen belegten Fächern viel gelernt zu haben?;Spanisch;Item-Gruppe: Selbsteinschätzung des Lernerfolgs;school_type_id = 1;;Basierend auf Fächerangebot (MAR95, BMV 2009, Kantonale Verordnungen für FMS, HMS/WMS/IMS);aktiv;likert6_lernen
qm_sekII;Lern_fr;Output/Outcome;Selbsteinschätzung des Lernerfolgs in den einzelnen Fächern;Sind Sie der Meinung, in den von Ihnen belegten Fächern viel gelernt zu haben?;Französisch;Item-Gruppe: Selbsteinschätzung des Lernerfolgs;school_type_id = 1, 3, 4, 5;;Basierend auf Fächerangebot (MAR95, BMV 2009, Kantonale Verordnungen für FMS, HMS/WMS/IMS);aktiv;likert6_lernen
qm_sekII;Lern_fur;Output/Outcome;Selbsteinschätzung des Lernerfolgs in den einzelnen Fächern;Sind Sie der Meinung, in den von Ihnen belegten Fächern viel gelernt zu haben?;Finanz- und Rechnungswesen;Item-Gruppe: Selbsteinschätzung des Lernerfolgs;school_type_id = 3, 5;;Basierend auf Fächerangebot (MAR95, BMV 2009, Kantonale Verordnungen für FMS, HMS/WMS/IMS);aktiv;likert6_lernen
qm_sekII;Lern_geo;Output/Outcome;Selbsteinschätzung des Lernerfolgs in den einzelnen Fächern;Sind Sie der Meinung, in den von Ihnen belegten Fächern viel gelernt zu haben?;Geografie (auch in Kombination Geografie-Physik oder Geografie-Bildnerisches Gestalten);Item-Gruppe: Selbsteinschätzung des Lernerfolgs;school_type_id = 1, 4;;Basierend auf Fächerangebot (MAR95, BMV 2009, Kantonale Verordnungen für FMS, HMS/WMS/IMS);aktiv;likert6_lernen
qm_sekII;Lern_gesch;Output/Outcome;Selbsteinschätzung des Lernerfolgs in den einzelnen Fächern;Sind Sie der Meinung, in den von Ihnen belegten Fächern viel gelernt zu haben?;Geschichte / Staatslehre / Politik;Item-Gruppe: Selbsteinschätzung des Lernerfolgs;school_type_id = 1, 3, 4, 5;;Basierend auf Fächerangebot (MAR95, BMV 2009, Kantonale Verordnungen für FMS, HMS/WMS/IMS);aktiv;likert6_lernen
qm_sekII;Lern_gkk;Output/Outcome;Selbsteinschätzung des Lernerfolgs in den einzelnen Fächern;Sind Sie der Meinung, in den von Ihnen belegten Fächern viel gelernt zu haben?;Gestaltung, Kunst, Kultur;Item-Gruppe: Selbsteinschätzung des Lernerfolgs;school_type_id = 3;;Basierend auf Fächerangebot (MAR95, BMV 2009, Kantonale Verordnungen für FMS, HMS/WMS/IMS);aktiv;likert6_lernen
qm_sekII;Lern_grie;Output/Outcome;Selbsteinschätzung des Lernerfolgs in den einzelnen Fächern;Sind Sie der Meinung, in den von Ihnen belegten Fächern viel gelernt zu haben?;Griechisch;Item-Gruppe: Selbsteinschätzung des Lernerfolgs;school_type_id = 1;;Basierend auf Fächerangebot (MAR95, BMV 2009, Kantonale Verordnungen für FMS, HMS/WMS/IMS);aktiv;likert6_lernen
qm_sekII;Lern_ict;Output/Outcome;Selbsteinschätzung des Lernerfolgs in den einzelnen Fächern;Sind Sie der Meinung, in den von Ihnen belegten Fächern viel gelernt zu haben?;Informations- und Kommunikationstechnologien (Informatik);Item-Gruppe: Selbsteinschätzung des Lernerfolgs;school_type_id = 1, 4, 5;;Basierend auf Fächerangebot (MAR95, BMV 2009, Kantonale Verordnungen für FMS, HMS/WMS/IMS);aktiv;likert6_lernen
qm_sekII;Lern_ika;Output/Outcome;Selbsteinschätzung des Lernerfolgs in den einzelnen Fächern;Sind Sie der Meinung, in den von Ihnen belegten Fächern viel gelernt zu haben?;Information / Kommunikation / Administration;Item-Gruppe: Selbsteinschätzung des Lernerfolgs;school_type_id = 5;;Basierend auf Fächerangebot (MAR95, BMV 2009, Kantonale Verordnungen für FMS, HMS/WMS/IMS);aktiv;likert6_lernen
qm_sekII;Lern_ipt;Output/Outcome;Selbsteinschätzung des Lernerfolgs in den einzelnen Fächern;Sind Sie der Meinung, in den von Ihnen belegten Fächern viel gelernt zu haben?;Integrierte Praxisteile (IPT);Item-Gruppe: Selbsteinschätzung des Lernerfolgs;school_type_id = 5;;Basierend auf Fächerangebot (MAR95, BMV 2009, Kantonale Verordnungen für FMS, HMS/WMS/IMS);aktiv;likert6_lernen
qm_sekII;Lern_it;Output/Outcome;Selbsteinschätzung des Lernerfolgs in den einzelnen Fächern;Sind Sie der Meinung, in den von Ihnen belegten Fächern viel gelernt zu haben?;Italienisch;Item-Gruppe: Selbsteinschätzung des Lernerfolgs;school_type_id = 1, 3, 4, 5;;Basierend auf Fächerangebot (MAR95, BMV 2009, Kantonale Verordnungen für FMS, HMS/WMS/IMS);aktiv;likert6_lernen
qm_sekII;Lern_iuk;Output/Outcome;Selbsteinschätzung des Lernerfolgs in den einzelnen Fächern;Sind Sie der Meinung, in den von Ihnen belegten Fächern viel gelernt zu haben?;Information und Kommunikation;Item-Gruppe: Selbsteinschätzung des Lernerfolgs;school_type_id = 3;;Basierend auf Fächerangebot (MAR95, BMV 2009, Kantonale Verordnungen für FMS, HMS/WMS/IMS);aktiv;likert6_lernen
qm_sekII;Lern_lat;Output/Outcome;Selbsteinschätzung des Lernerfolgs in den einzelnen Fächern;Sind Sie der Meinung, in den von Ihnen belegten Fächern viel gelernt zu haben?;Latein;Item-Gruppe: Selbsteinschätzung des Lernerfolgs;school_type_id = 1;;Basierend auf Fächerangebot (MAR95, BMV 2009, Kantonale Verordnungen für FMS, HMS/WMS/IMS);aktiv;likert6_lernen
qm_sekII;Lern_math;Output/Outcome;Selbsteinschätzung des Lernerfolgs in den einzelnen Fächern;Sind Sie der Meinung, in den von Ihnen belegten Fächern viel gelernt zu haben?;Mathematik;Item-Gruppe: Selbsteinschätzung des Lernerfolgs;school_type_id = 1, 3, 4, 5;;Basierend auf Fächerangebot (MAR95, BMV 2009, Kantonale Verordnungen für FMS, HMS/WMS/IMS);aktiv;likert6_lernen
qm_sekII;Lern_mus;Output/Outcome;Selbsteinschätzung des Lernerfolgs in den einzelnen Fächern;Sind Sie der Meinung, in den von Ihnen belegten Fächern viel gelernt zu haben?;Musik;Item-Gruppe: Selbsteinschätzung des Lernerfolgs;school_type_id = 1, 4;;Basierend auf Fächerangebot (MAR95, BMV 2009, Kantonale Verordnungen für FMS, HMS/WMS/IMS);aktiv;likert6_lernen
qm_sekII;Lern_nat;Output/Outcome;Selbsteinschätzung des Lernerfolgs in den einzelnen Fächern;Sind Sie der Meinung, in den von Ihnen belegten Fächern viel gelernt zu haben?;Naturwissenschaften;Item-Gruppe: Selbsteinschätzung des Lernerfolgs;school_type_id = 3;;Basierend auf Fächerangebot (MAR95, BMV 2009, Kantonale Verordnungen für FMS, HMS/WMS/IMS);aktiv;likert6_lernen
qm_sekII;Lern_oek;Output/Outcome;Selbsteinschätzung des Lernerfolgs in den einzelnen Fächern;Sind Sie der Meinung, in den von Ihnen belegten Fächern viel gelernt zu haben?;Biologie / Ökologie;Item-Gruppe: Selbsteinschätzung des Lernerfolgs;school_type_id = 3;;Basierend auf Fächerangebot (MAR95, BMV 2009, Kantonale Verordnungen für FMS, HMS/WMS/IMS);aktiv;likert6_lernen
qm_sekII;Lern_paepsy;Output/Outcome;Selbsteinschätzung des Lernerfolgs in den einzelnen Fächern;Sind Sie der Meinung, in den von Ihnen belegten Fächern viel gelernt zu haben?;Pädagogik / Psychologie;Item-Gruppe: Selbsteinschätzung des Lernerfolgs;school_type_id = 1, 4;;Basierend auf Fächerangebot (MAR95, BMV 2009, Kantonale Verordnungen für FMS, HMS/WMS/IMS);aktiv;likert6_lernen
qm_sekII;Lern_phil;Output/Outcome;Selbsteinschätzung des Lernerfolgs in den einzelnen Fächern;Sind Sie der Meinung, in den von Ihnen belegten Fächern viel gelernt zu haben?;Philosophie (auch in Kombination Philosophie-Religion oder Philosophie-Deutsch);Item-Gruppe: Selbsteinschätzung des Lernerfolgs;school_type_id = 1, 4;;Basierend auf Fächerangebot (MAR95, BMV 2009, Kantonale Verordnungen für FMS, HMS/WMS/IMS);aktiv;likert6_lernen
qm_sekII;Lern_phy;Output/Outcome;Selbsteinschätzung des Lernerfolgs in den einzelnen Fächern;Sind Sie der Meinung, in den von Ihnen belegten Fächern viel gelernt zu haben?;Physik;Item-Gruppe: Selbsteinschätzung des Lernerfolgs;school_type_id = 1, 3, 4, 5;;Basierend auf Fächerangebot (MAR95, BMV 2009, Kantonale Verordnungen für FMS, HMS/WMS/IMS);aktiv;likert6_lernen
qm_sekII;Lern_phyam;Output/Outcome;Selbsteinschätzung des Lernerfolgs in den einzelnen Fächern;Sind Sie der Meinung, in den von Ihnen belegten Fächern viel gelernt zu haben?;Physik und Anwendungen der Mathematik (in Kombination als Schwerpunktfach);Item-Gruppe: Selbsteinschätzung des Lernerfolgs;school_type_id = 1;;Basierend auf Fächerangebot (MAR95, BMV 2009, Kantonale Verordnungen für FMS, HMS/WMS/IMS);aktiv;likert6_lernen
qm_sekII;Lern_ppp;Output/Outcome;Selbsteinschätzung des Lernerfolgs in den einzelnen Fächern;Sind Sie der Meinung, in den von Ihnen belegten Fächern viel gelernt zu haben?;Philosophie / Pädagogik / Psychologie (in Kombination als Schwerpunktfach);Item-Gruppe: Selbsteinschätzung des Lernerfolgs;school_type_id = 1;;Basierend auf Fächerangebot (MAR95, BMV 2009, Kantonale Verordnungen für FMS, HMS/WMS/IMS);aktiv;likert6_lernen
qm_sekII;Lern_reli;Output/Outcome;Selbsteinschätzung des Lernerfolgs in den einzelnen Fächern;Sind Sie der Meinung, in den von Ihnen belegten Fächern viel gelernt zu haben?;Religionslehre / Religion und Ethik;Item-Gruppe: Selbsteinschätzung des Lernerfolgs;school_type_id = 1;;Basierend auf Fächerangebot (MAR95, BMV 2009, Kantonale Verordnungen für FMS, HMS/WMS/IMS);aktiv;likert6_lernen
qm_sekII;Lern_rom;Output/Outcome;Selbsteinschätzung des Lernerfolgs in den einzelnen Fächern;Sind Sie der Meinung, in den von Ihnen belegten Fächern viel gelernt zu haben?;Romanisch;Item-Gruppe: Selbsteinschätzung des Lernerfolgs;school_type_id = 1, 3, 4, 5;;Basierend auf Fächerangebot (MAR95, BMV 2009, Kantonale Verordnungen für FMS, HMS/WMS/IMS);aktiv;likert6_lernen
qm_sekII;Lern_ru;Output/Outcome;Selbsteinschätzung des Lernerfolgs in den einzelnen Fächern;Sind Sie der Meinung, in den von Ihnen belegten Fächern viel gelernt zu haben?;Russisch;Item-Gruppe: Selbsteinschätzung des Lernerfolgs;school_type_id = 1;;Basierend auf Fächerangebot (MAR95, BMV 2009, Kantonale Verordnungen für FMS, HMS/WMS/IMS);aktiv;likert6_lernen
qm_sekII;Lern_soz;Output/Outcome;Selbsteinschätzung des Lernerfolgs in den einzelnen Fächern;Sind Sie der Meinung, in den von Ihnen belegten Fächern viel gelernt zu haben?;Sozialwissenschaften;Item-Gruppe: Selbsteinschätzung des Lernerfolgs;school_type_id = 3;;Basierend auf Fächerangebot (MAR95, BMV 2009, Kantonale Verordnungen für FMS, HMS/WMS/IMS);aktiv;likert6_lernen
qm_sekII;Lern_sport;Output/Outcome;Selbsteinschätzung des Lernerfolgs in den einzelnen Fächern;Sind Sie der Meinung, in den von Ihnen belegten Fächern viel gelernt zu haben?;Sport;Item-Gruppe: Selbsteinschätzung des Lernerfolgs;school_type_id = 1, 4, 5;;Basierend auf Fächerangebot (MAR95, BMV 2009, Kantonale Verordnungen für FMS, HMS/WMS/IMS);aktiv;likert6_lernen
qm_sekII;Lern_tuu;Output/Outcome;Selbsteinschätzung des Lernerfolgs in den einzelnen Fächern;Sind Sie der Meinung, in den von Ihnen belegten Fächern viel gelernt zu haben?;Technik und Umwelt;Item-Gruppe: Selbsteinschätzung des Lernerfolgs;school_type_id = 3;;Basierend auf Fächerangebot (MAR95, BMV 2009, Kantonale Verordnungen für FMS, HMS/WMS/IMS);aktiv;likert6_lernen
qm_sekII;Lern_uek;;;;;;;;;Item erhoben bis 2016;
qm_sekII;Lern_vbr;Output/Outcome;Selbsteinschätzung des Lernerfolgs in den einzelnen Fächern;Sind Sie der Meinung, in den von Ihnen belegten Fächern viel gelernt zu haben?;Volkswirtschaft / Betriebswirtschaft / Recht;Item-Gruppe: Selbsteinschätzung des Lernerfolgs;school_type_id = 5;;Basierend auf Fächerangebot (MAR95, BMV 2009, Kantonale Verordnungen für FMS, HMS/WMS/IMS);aktiv;likert6_lernen
qm_sekII;Lern_wug;Output/Outcome;Selbsteinschätzung des Lernerfolgs in den einzelnen Fächern;Sind Sie der Meinung, in den von Ihnen belegten Fächern viel gelernt zu haben?;Wirtschaft und Gesellschaft;Item-Gruppe: Selbsteinschätzung des Lernerfolgs;school_type_id = 5;;Basierend auf Fächerangebot (MAR95, BMV 2009, Kantonale Verordnungen für FMS, HMS/WMS/IMS);aktiv;likert6_lernen
qm_sekII;Lern_wur;Output/Outcome;Selbsteinschätzung des Lernerfolgs in den einzelnen Fächern;Sind Sie der Meinung, in den von Ihnen belegten Fächern viel gelernt zu haben?;Wirtschaft und Recht;Item-Gruppe: Selbsteinschätzung des Lernerfolgs;school_type_id = 1, 3, 4;;Basierend auf Fächerangebot (MAR95, BMV 2009, Kantonale Verordnungen für FMS, HMS/WMS/IMS);aktiv;likert6_lernen
qm_sekII;Lgkg;Statistische Angaben;;Ab welcher Klasse haben Sie das Gymnasium besucht?;;Einzelitem: Lang- oder Kurzzeitgymnasium (nur Gym);school_type_id = 1;;Eigenkonstruktion IFES IPES;aktiv;lgkg
qm_sekII;MK_zusam_a;Output/Outcome;Überfachliche Kompetenzen;Haben Sie in der Zeit an Ihrer Schule in folgenden Bereichen dazu gelernt? Ich habe an der Schule gelernt, ...;... Zusammenhänge zu verstehen.;Skala: Selbsteinschätzung des Zuwachses der methodischen Kompetenzen;school_type_id = 3, 8;Mean, Ausschluss wenn Missings >2;1) SEIS - Selbstevaluation in Schulen, 2) Fragebogen zur Einschätzung überfachlicher Kompetenzen (Helm et al., 2012), 3) SEB, IVM, 4) Eigenkonstruktion IFES IPES;aktiv;likert6_zutreffen
qm_sekII;Methviel_a;Prozess;Unterricht;Wie gestalten die Lehrpersonen den Unterricht an Ihrer Schule?;Unsere Lehrpersonen wenden im Unterricht verschiedene Methoden an (z. B. Gruppenunterricht, Projekte, Werkstatt, Vorträge usw.).;Einzelitem: Methodenvielfalt;school_type_id = 3, 8, 9;;Eigenkonstruktion des IFES IPES.;aktiv;likert6_zutreffen
qm_sekII;Mk_eff_a;Output/Outcome;Überfachliche Kompetenzen;Haben Sie in der Zeit an Ihrer Schule in folgenden Bereichen dazu gelernt? Ich habe an der Schule gelernt, ...;... schnell und sorgfältig zu arbeiten;Skala: Selbsteinschätzung des Zuwachses der methodischen Kompetenzen;school_type_id = 3, 8, 9;Mean, Ausschluss wenn Missings >2;1) SEIS - Selbstevaluation in Schulen, 2) Fragebogen zur Einschätzung überfachlicher Kompetenzen (Helm et al., 2012), 3) SEB, IVM, 4) Eigenkonstruktion IFES IPES;aktiv;likert6_zutreffen
qm_sekII;Mk_info;Output/Outcome;Überfachliche Kompetenzen;Wie beurteilen Sie Ihre methodischen Kompetenzen?;Es fällt mir leicht, Informationen aus Medien (Bücher, Internet, etc.) zu entnehmen und zusammenzustellen.;Skala: Selbsteinschätzung der methodischen Kompetenzen;school_type_id = 1, 4, 5;Mean, Ausschluss wenn Missings >3;1) SEIS - Selbstevaluation in Schulen, 2) Fragebogen zur Einschätzung überfachlicher Kompetenzen (Helm et al., 2012), 3) SEB, IVM;aktiv;likert6_zutreffen
qm_sekII;Mk_info_a;Output/Outcome;Überfachliche Kompetenzen;Haben Sie in der Zeit an Ihrer Schule in folgenden Bereichen dazu gelernt? Ich habe an der Schule gelernt, ...;... nötige Informationen zu beschaffen.;Skala: Selbsteinschätzung des Zuwachses der methodischen Kompetenzen;school_type_id = 3, 8;Mean, Ausschluss wenn Missings >2;1) SEIS - Selbstevaluation in Schulen, 2) Fragebogen zur Einschätzung überfachlicher Kompetenzen (Helm et al., 2012), 3) SEB, IVM, 4) Eigenkonstruktion IFES IPES;aktiv;likert6_zutreffen
qm_sekII;Mk_plan;Output/Outcome;Überfachliche Kompetenzen;Wie beurteilen Sie Ihre methodischen Kompetenzen?;Ich überlege mir vorher, wie ich am besten etwas lerne oder bearbeite.;Skala: Selbsteinschätzung der methodischen Kompetenzen;school_type_id = 1, 4, 5;Mean, Ausschluss wenn Missings >3;1) SEIS - Selbstevaluation in Schulen, 2) Fragebogen zur Einschätzung überfachlicher Kompetenzen (Helm et al., 2012), 3) SEB, IVM;aktiv;likert6_zutreffen
qm_sekII;Mk_prae;Output/Outcome;Überfachliche Kompetenzen;Wie beurteilen Sie Ihre methodischen Kompetenzen?;Ich kann Arbeitsergebnisse verständlich und überzeugend vortragen.;Skala: Selbsteinschätzung der methodischen Kompetenzen;school_type_id = 1, 4, 5;Mean, Ausschluss wenn Missings >3;1) SEIS - Selbstevaluation in Schulen, 2) Fragebogen zur Einschätzung überfachlicher Kompetenzen (Helm et al., 2012), 3) SEB, IVM;aktiv;likert6_zutreffen
qm_sekII;Mk_strate;Output/Outcome;Überfachliche Kompetenzen;Wie beurteilen Sie Ihre methodischen Kompetenzen?;Zum Lösen schwieriger Aufgaben / Probleme habe ich selber Strategien, die ich einsetzen kann.;Skala: Selbsteinschätzung der methodischen Kompetenzen;school_type_id = 1, 4, 5;Mean, Ausschluss wenn Missings >3;1) SEIS - Selbstevaluation in Schulen, 2) Fragebogen zur Einschätzung überfachlicher Kompetenzen (Helm et al., 2012), 3) SEB, IVM;aktiv;likert6_zutreffen
qm_sekII;Mk_ueber;Output/Outcome;Überfachliche Kompetenzen;Wie beurteilen Sie Ihre methodischen Kompetenzen?;Während des Lernens überprüfe ich, ob ich es verstanden habe.;Skala: Selbsteinschätzung der methodischen Kompetenzen;school_type_id = 1, 4, 5;Mean, Ausschluss wenn Missings >3;1) SEIS - Selbstevaluation in Schulen, 2) Fragebogen zur Einschätzung überfachlicher Kompetenzen (Helm et al., 2012), 3) SEB, IVM;aktiv;likert6_zutreffen
qm_sekII;Mk_wort;Output/Outcome;Überfachliche Kompetenzen;Wie beurteilen Sie Ihre methodischen Kompetenzen?;Ich kann Gelerntes mit eigenen Worten wiedergeben.;Skala: Selbsteinschätzung der methodischen Kompetenzen;school_type_id = 1, 4, 5;Mean, Ausschluss wenn Missings >3;1) SEIS - Selbstevaluation in Schulen, 2) Fragebogen zur Einschätzung überfachlicher Kompetenzen (Helm et al., 2012), 3) SEB, IVM;aktiv;likert6_zutreffen
qm_sekII;Mk_ziel;Output/Outcome;Überfachliche Kompetenzen;Wie beurteilen Sie Ihre methodischen Kompetenzen?;Ich setze mir beim Lernen eigene Ziele.;Skala: Selbsteinschätzung der methodischen Kompetenzen;school_type_id = 1, 4, 5;Mean, Ausschluss wenn Missings >3;1) SEIS - Selbstevaluation in Schulen, 2) Fragebogen zur Einschätzung überfachlicher Kompetenzen (Helm et al., 2012), 3) SEB, IVM;aktiv;likert6_zutreffen
qm_sekII;Mk_ziel_a;Output/Outcome;Überfachliche Kompetenzen;Haben Sie in der Zeit an Ihrer Schule in folgenden Bereichen dazu gelernt? Ich habe an der Schule gelernt, ...;... mir Ziele zu setzen, die ich erreichen kann.;Skala: Selbsteinschätzung des Zuwachses der methodischen Kompetenzen;school_type_id = 3, 8, 9;Mean, Ausschluss wenn Missings >2;1) SEIS - Selbstevaluation in Schulen, 2) Fragebogen zur Einschätzung überfachlicher Kompetenzen (Helm et al., 2012), 3) SEB, IVM, 4) Eigenkonstruktion IFES IPES;aktiv;likert6_zutreffen
qm_sekII;Mot_beg;Input;Lehrpersonenexpertise;Werden Sie von Ihren Lehrpersonen beim Lernen unterstützt?;Unsere Lehrpersonen können uns Schülerinnen und Schüler manchmal richtig begeistern.;Skala: Motivation durch die Lehrperson;school_type_id = 1, 4, 5;Mean, Ausschluss wenn Missings >1;"BIJU (Baumert et al., 1997. Indikatoren zu Kontextmerkmalen gymnasialer Bildung. Perspektive der Schülerinnen und Schüler. Skalen- und Itemdokumentation), Mittelschulerhebung 2004 (Leutwyler & Maag Merki, 2004. Indikatoren zu Kontextmerkmalen gymnasialer Bildung. Perspektive der Schülerinnen und Schüler. Skalen- und Itemdokumentation), Pythagoras Projekt (Klieme, Pauli, Reusser, 2005; Rakoczy, Katrin, Buff, Alex & Lipowsky, Frank. (2005). Befragungsinstrumente. In: E. Klieme, C. Pauli & K. Reusser, Dokumentation der Erhebungs- und Auswertungsintrumente zur schweizerisch-deutschen Videostudie „Unterrichtsqualität, Lernverhalten und mathematisches Verständnis)";aktiv;likert6_lehrp
qm_sekII;Mot_inter;Input;Lehrpersonenexpertise;Werden Sie von Ihren Lehrpersonen beim Lernen unterstützt?;Unsere Lehrpersonen können auch trockenen Stoff wirklich interessant machen.;Skala: Motivation durch die Lehrperson;school_type_id = 1, 4, 5;Mean, Ausschluss wenn Missings >1;"BIJU (Baumert et al., 1997. Indikatoren zu Kontextmerkmalen gymnasialer Bildung. Perspektive der Schülerinnen und Schüler. Skalen- und Itemdokumentation), Mittelschulerhebung 2004 (Leutwyler & Maag Merki, 2004. Indikatoren zu Kontextmerkmalen gymnasialer Bildung. Perspektive der Schülerinnen und Schüler. Skalen- und Itemdokumentation), Pythagoras Projekt (Klieme, Pauli, Reusser, 2005; Rakoczy, Katrin, Buff, Alex & Lipowsky, Frank. (2005). Befragungsinstrumente. In: E. Klieme, C. Pauli & K. Reusser, Dokumentation der Erhebungs- und Auswertungsintrumente zur schweizerisch-deutschen Videostudie „Unterrichtsqualität, Lernverhalten und mathematisches Verständnis)";aktiv;likert6_lehrp
qm_sekII;Mot_span;Input;Lehrpersonenexpertise;Werden Sie von Ihren Lehrpersonen beim Lernen unterstützt?;Unsere Lehrpersonen gestalten den Unterricht oft sehr spannend.;Skala: Motivation durch die Lehrperson;school_type_id = 1, 4, 5;Mean, Ausschluss wenn Missings >1;"BIJU (Baumert et al., 1997. Indikatoren zu Kontextmerkmalen gymnasialer Bildung. Perspektive der Schülerinnen und Schüler. Skalen- und Itemdokumentation), Mittelschulerhebung 2004 (Leutwyler & Maag Merki, 2004. Indikatoren zu Kontextmerkmalen gymnasialer Bildung. Perspektive der Schülerinnen und Schüler. Skalen- und Itemdokumentation), Pythagoras Projekt (Klieme, Pauli, Reusser, 2005; Rakoczy, Katrin, Buff, Alex & Lipowsky, Frank. (2005). Befragungsinstrumente. In: E. Klieme, C. Pauli & K. Reusser, Dokumentation der Erhebungs- und Auswertungsintrumente zur schweizerisch-deutschen Videostudie „Unterrichtsqualität, Lernverhalten und mathematisches Verständnis)";aktiv;likert6_lehrp
qm_sekII;Mov_Org_andere;Statistische Angaben;Fragen zu Austausch und Mobilität (Movetia);Wer hat die Austausch- oder Mobilitätsaktivität(en) organisiert? (Mehrfachantworten möglich),;Andere;Item-Gruppe: Organisation des Austausches / der Mobilität;filter_movetia = 1;;Movetia;aktiv;kreuz
qm_sekII;Mov_Org_aust;Statistische Angaben;Fragen zu Austausch und Mobilität (Movetia);Wer hat die Austausch- oder Mobilitätsaktivität(en) organisiert? (Mehrfachantworten möglich),;Austauschorganisation (AFS, YFU etc.);Item-Gruppe: Organisation des Austausches / der Mobilität;filter_movetia = 1;;Movetia;aktiv;kreuz
qm_sekII;Mov_Org_lehrb;Statistische Angaben;Fragen zu Austausch und Mobilität (Movetia);Wer hat die Austausch- oder Mobilitätsaktivität(en) organisiert? (Mehrfachantworten möglich),;Lehrbetrieb ;Item-Gruppe: Organisation des Austausches / der Mobilität;filter_movetia = 1, school_type_id = 3, 8, 9;;Movetia;aktiv;kreuz
qm_sekII;Mov_Org_schule;Statistische Angaben;Fragen zu Austausch und Mobilität (Movetia);Wer hat die Austausch- oder Mobilitätsaktivität(en) organisiert? (Mehrfachantworten möglich),;Schule;Item-Gruppe: Organisation des Austausches / der Mobilität;filter_movetia = 1;;Movetia;aktiv;kreuz
qm_sekII;Nat_andere;Statistische Angaben;;Was ist Ihre Staatsangehörigkeit? Falls Sie Doppelbürgerin oder Doppelbürger sind, geben Sie bitte beide Nationalitäten an.;andere Nationalität;Item-Gruppe: Nationalität;;;Liste gemäss Angaben des Bundesamtes für Statistik, Anzahl Staatsangehöriger im Alter von 15-19 Jahren, 2013, 2022;aktiv;kreuz
qm_sekII;Nat_at;Statistische Angaben;;Was ist Ihre Staatsangehörigkeit? Falls Sie Doppelbürgerin oder Doppelbürger sind, geben Sie bitte beide Nationalitäten an.;Österreich;Item-Gruppe: Nationalität;;;Liste gemäss Angaben des Bundesamtes für Statistik, Anzahl Staatsangehöriger im Alter von 15-19 Jahren, 2013, 2022;aktiv;kreuz
qm_sekII;Nat_bos;Statistische Angaben;;Was ist Ihre Staatsangehörigkeit? Falls Sie Doppelbürgerin oder Doppelbürger sind, geben Sie bitte beide Nationalitäten an.;Bosnien und Herzegowina;Item-Gruppe: Nationalität;;;Liste gemäss Angaben des Bundesamtes für Statistik, Anzahl Staatsangehöriger im Alter von 15-19 Jahren, 2013, 2022;aktiv;kreuz
qm_sekII;Nat_ch;Statistische Angaben;;Was ist Ihre Staatsangehörigkeit? Falls Sie Doppelbürgerin oder Doppelbürger sind, geben Sie bitte beide Nationalitäten an.;Schweiz;Item-Gruppe: Nationalität;;;Liste gemäss Angaben des Bundesamtes für Statistik, Anzahl Staatsangehöriger im Alter von 15-19 Jahren, 2013, 2022;aktiv;kreuz
qm_sekII;Nat_de;Statistische Angaben;;Was ist Ihre Staatsangehörigkeit? Falls Sie Doppelbürgerin oder Doppelbürger sind, geben Sie bitte beide Nationalitäten an.;Deutschland;Item-Gruppe: Nationalität;;;Liste gemäss Angaben des Bundesamtes für Statistik, Anzahl Staatsangehöriger im Alter von 15-19 Jahren, 2013, 2022;aktiv;kreuz
qm_sekII;Nat_es;Statistische Angaben;;Was ist Ihre Staatsangehörigkeit? Falls Sie Doppelbürgerin oder Doppelbürger sind, geben Sie bitte beide Nationalitäten an.;Spanien;Item-Gruppe: Nationalität;;;Liste gemäss Angaben des Bundesamtes für Statistik, Anzahl Staatsangehöriger im Alter von 15-19 Jahren, 2013, 2022;aktiv;kreuz
qm_sekII;Nat_fr;Statistische Angaben;;Was ist Ihre Staatsangehörigkeit? Falls Sie Doppelbürgerin oder Doppelbürger sind, geben Sie bitte beide Nationalitäten an.;Frankreich;Item-Gruppe: Nationalität;;;Liste gemäss Angaben des Bundesamtes für Statistik, Anzahl Staatsangehöriger im Alter von 15-19 Jahren, 2013, 2022;aktiv;kreuz
qm_sekII;Nat_gb;Statistische Angaben;;Was ist Ihre Staatsangehörigkeit? Falls Sie Doppelbürgerin oder Doppelbürger sind, geben Sie bitte beide Nationalitäten an.;Vereinigtes Königreich;Item-Gruppe: Nationalität;;;Liste gemäss Angaben des Bundesamtes für Statistik, Anzahl Staatsangehöriger im Alter von 15-19 Jahren, 2013, 2022;aktiv;kreuz
qm_sekII;Nat_it;Statistische Angaben;;Was ist Ihre Staatsangehörigkeit? Falls Sie Doppelbürgerin oder Doppelbürger sind, geben Sie bitte beide Nationalitäten an.;Italien;Item-Gruppe: Nationalität;;;Liste gemäss Angaben des Bundesamtes für Statistik, Anzahl Staatsangehöriger im Alter von 15-19 Jahren, 2013, 2022;aktiv;kreuz
qm_sekII;Nat_kos;Statistische Angaben;;Was ist Ihre Staatsangehörigkeit? Falls Sie Doppelbürgerin oder Doppelbürger sind, geben Sie bitte beide Nationalitäten an.;Kosovo;Item-Gruppe: Nationalität;;;Liste gemäss Angaben des Bundesamtes für Statistik, Anzahl Staatsangehöriger im Alter von 15-19 Jahren, 2013, 2022;aktiv;kreuz
qm_sekII;Nat_kroa;Statistische Angaben;;Was ist Ihre Staatsangehörigkeit? Falls Sie Doppelbürgerin oder Doppelbürger sind, geben Sie bitte beide Nationalitäten an.;Kroatien;Item-Gruppe: Nationalität;;;Liste gemäss Angaben des Bundesamtes für Statistik, Anzahl Staatsangehöriger im Alter von 15-19 Jahren, 2013, 2022;aktiv;kreuz
qm_sekII;Nat_li;Statistische Angaben;;Was ist Ihre Staatsangehörigkeit? Falls Sie Doppelbürgerin oder Doppelbürger sind, geben Sie bitte beide Nationalitäten an.;Liechtenstein;Item-Gruppe: Nationalität;;;Liste gemäss Angaben des Bundesamtes für Statistik, Anzahl Staatsangehöriger im Alter von 15-19 Jahren, 2013, 2022;aktiv;kreuz
qm_sekII;Nat_maz;Statistische Angaben;;Was ist Ihre Staatsangehörigkeit? Falls Sie Doppelbürgerin oder Doppelbürger sind, geben Sie bitte beide Nationalitäten an.;Mazedonien;Item-Gruppe: Nationalität;;;Liste gemäss Angaben des Bundesamtes für Statistik, Anzahl Staatsangehöriger im Alter von 15-19 Jahren, 2013, 2022;aktiv;kreuz
qm_sekII;Nat_por;Statistische Angaben;;Was ist Ihre Staatsangehörigkeit? Falls Sie Doppelbürgerin oder Doppelbürger sind, geben Sie bitte beide Nationalitäten an.;Portugal;Item-Gruppe: Nationalität;;;Liste gemäss Angaben des Bundesamtes für Statistik, Anzahl Staatsangehöriger im Alter von 15-19 Jahren, 2013, 2022;aktiv;kreuz
qm_sekII;Nat_serb;Statistische Angaben;;Was ist Ihre Staatsangehörigkeit? Falls Sie Doppelbürgerin oder Doppelbürger sind, geben Sie bitte beide Nationalitäten an.;Serbien;Item-Gruppe: Nationalität;;;Liste gemäss Angaben des Bundesamtes für Statistik, Anzahl Staatsangehöriger im Alter von 15-19 Jahren, 2013, 2022;aktiv;kreuz
qm_sekII;Nat_tuer;Statistische Angaben;;Was ist Ihre Staatsangehörigkeit? Falls Sie Doppelbürgerin oder Doppelbürger sind, geben Sie bitte beide Nationalitäten an.;Türkei;Item-Gruppe: Nationalität;;;Liste gemäss Angaben des Bundesamtes für Statistik, Anzahl Staatsangehöriger im Alter von 15-19 Jahren, 2013, 2022;aktiv;kreuz
qm_sekII;Org_anl_a;Prozess;Schulführung;Wie gut ist Ihre Schule organisiert?;Ich weiss, an wen ich mich bei Anliegen und Problemen wenden kann.;Skala: Schulorganisation;school_type_id = 3, 8, 9;Mean, Ausschluss wenn Missings >2;1) Ehemaligenbefragung des Kantons Zürich (Statistisches Amt des Kantons Zürich, 2009), 2) Eigenkonstruktion IVM, 3) Eigenkonstruktion IFES IPES;aktiv;likert6_zutreffen
qm_sekII;Org_gut;Prozess;Schulführung;Wie gut ist Ihre Schule organisiert?;Die Schule ist insgesamt gut organisiert.;Skala: Schulorganisation;;school_type_id = 1, 4,5: Mean, Ausschluss wenn Missings >1 & school_type_id = 3, 8: Mean, Auschluss wenn Missings > 2;1) Ehemaligenbefragung des Kantons Zürich (Statistisches Amt des Kantons Zürich, 2009), 2) Eigenkonstruktion IVM;aktiv;likert6_zutreffen
qm_sekII;Org_inet;Prozess;Schulführung;Wie gut ist Ihre Schule organisiert?;Internet- bzw. Intranetauftritt der Schule sind informativ.;Skala: Schulorganisation;school_type_id = 1, 4, 5;Mean, Ausschluss wenn Missings >1;1) Ehemaligenbefragung des Kantons Zürich (Statistisches Amt des Kantons Zürich, 2009), 2) Eigenkonstruktion IVM;aktiv;likert6_zutreffen
qm_sekII;Org_inet_a;Prozess;Schulführung;Wie gut ist Ihre Schule organisiert?;Ich finde die wichtigen Informationen im Internet- und Intranetauftritt der Schule.;Skala: Schulorganisation;school_type_id = 3, 8;Mean, Ausschluss wenn Missings >2;1) Ehemaligenbefragung des Kantons Zürich (Statistisches Amt des Kantons Zürich, 2009), 2) Eigenkonstruktion IVM, 3) Eigenkonstruktion IFES IPES;aktiv;likert6_zutreffen
qm_sekII;Org_info;Prozess;Schulführung;Wie gut ist Ihre Schule organisiert?;Ich erhalte die nötigen Informationen rechtzeitig.;Skala: Schulorganisation;school_type_id = 1, 4, 5;Mean, Ausschluss wenn Missings >1;1) Ehemaligenbefragung des Kantons Zürich (Statistisches Amt des Kantons Zürich, 2009), 2) Eigenkonstruktion IVM;aktiv;likert6_zutreffen
qm_sekII;Org_info_a;Prozess;Schulführung;Wie gut ist Ihre Schule organisiert?;Ich erhalte wichtige Informationen zu Anlässen oder Änderungen rechtzeitig.;Skala: Schulorganisation;school_type_id = 3, 8;Mean, Ausschluss wenn Missings >2;1) Ehemaligenbefragung des Kantons Zürich (Statistisches Amt des Kantons Zürich, 2009), 2) Eigenkonstruktion IVM, 3) Eigenkonstruktion IFES IPES;aktiv;likert6_zutreffen
qm_sekII;Pers_engLP_a;Prozess;Schulführung;Wie erleben Sie Ihre Lehrpersonen im Unterricht?;Unsere Lehrpersonen arbeiten gern mit uns zusammen.;Einzelitem: Persönliches Engagement der Lehrpersonen;school_type_id = 3, 8, 9;;Eigenkonstruktion IFES IPES in Anlehnung an Mayr, Eder und Fartacek (2005. Linzer Diagnosebogen zur Klassenführung (LDK)).;aktiv;likert6_lehrp
qm_sekII;Pk_eigen;Output/Outcome;Überfachliche Kompetenzen;Wie beurteilen Sie Ihre personalen Kompetenzen?;Ich bearbeite Aufgaben eigenständig.;Skala: Selbsteinschätzung der personalen Kompetenzen;school_type_id = 1, 4, 5;Mean, Ausschluss wenn Missings >3;1) SEIS - Selbstevaluation in Schulen, 2) Fragebogen zur Einschätzung überfachlicher Kompetenzen (Helm et al., 2012), 3) Eigenkonstruktion des IFES IPES 4) Ehemaligenbefragung Kanton Zürich;aktiv;likert6_zutreffen
qm_sekII;Pk_eigen_a;Output/Outcome;Überfachliche Kompetenzen;Haben Sie in der Zeit an Ihrer Schule in folgenden Bereichen dazu gelernt? Ich habe an der Schule gelernt, ...;... selbständig zu arbeiten.;Skala: Selbsteinschätzung des Zuwachses der personalen Kompetenzen;school_type_id = 3, 8, 9;Mean, Ausschluss wenn Missings >3;1) SEIS - Selbstevaluation in Schulen, 2) Fragebogen zur Einschätzung überfachlicher Kompetenzen (Helm et al., 2012), 3) Eigenkonstruktion des IFES IPES 4) Ehemaligenbefragung Kanton Zürich;aktiv;likert6_zutreffen
qm_sekII;Pk_frag;Output/Outcome;Überfachliche Kompetenzen;Wie beurteilen Sie Ihre personalen Kompetenzen?;Ich frage nach, wenn ich etwas nicht verstehe.;Skala: Selbsteinschätzung der personalen Kompetenzen;school_type_id = 1, 4, 5;Mean, Ausschluss wenn Missings >3;1) SEIS - Selbstevaluation in Schulen, 2) Fragebogen zur Einschätzung überfachlicher Kompetenzen (Helm et al., 2012), 3) Eigenkonstruktion des IFES IPES 4) Ehemaligenbefragung Kanton Zürich;aktiv;likert6_zutreffen
qm_sekII;Pk_idee;Output/Outcome;Überfachliche Kompetenzen;Wie beurteilen Sie Ihre personalen Kompetenzen?;Ich habe eigene Ideen, die ich auch umsetze.;Skala: Selbsteinschätzung der personalen Kompetenzen;school_type_id = 1, 4, 5;Mean, Ausschluss wenn Missings >3;1) SEIS - Selbstevaluation in Schulen, 2) Fragebogen zur Einschätzung überfachlicher Kompetenzen (Helm et al., 2012), 3) Eigenkonstruktion des IFES IPES 4) Ehemaligenbefragung Kanton Zürich;aktiv;likert6_zutreffen
qm_sekII;Pk_schw;Output/Outcome;Überfachliche Kompetenzen;Wie beurteilen Sie Ihre personalen Kompetenzen?;Ich kenne meine eigenen Stärken und Schwächen.;Skala: Selbsteinschätzung der personalen Kompetenzen;school_type_id = 1, 4, 5;Mean, Ausschluss wenn Missings >3;1) SEIS - Selbstevaluation in Schulen, 2) Fragebogen zur Einschätzung überfachlicher Kompetenzen (Helm et al., 2012), 3) Eigenkonstruktion des IFES IPES 4) Ehemaligenbefragung Kanton Zürich;aktiv;likert6_zutreffen
qm_sekII;Pk_schw_a;Output/Outcome;Überfachliche Kompetenzen;Haben Sie in der Zeit an Ihrer Schule in folgenden Bereichen dazu gelernt? Ich habe an der Schule gelernt, ...;... wo meine Stärken und Schwächen liegen.;Skala: Selbsteinschätzung des Zuwachses der personalen Kompetenzen;school_type_id = 3, 8, 9;Mean, Ausschluss wenn Missings >3;1) SEIS - Selbstevaluation in Schulen, 2) Fragebogen zur Einschätzung überfachlicher Kompetenzen (Helm et al., 2012), 3) Eigenkonstruktion des IFES IPES 4) Ehemaligenbefragung Kanton Zürich;aktiv;likert6_zutreffen
qm_sekII;Pk_selbst;Output/Outcome;Überfachliche Kompetenzen;Wie beurteilen Sie Ihre personalen Kompetenzen?;Probleme löse ich selbstständig.;Skala: Selbsteinschätzung der personalen Kompetenzen;school_type_id = 1, 4, 5;Mean, Ausschluss wenn Missings >3;1) SEIS - Selbstevaluation in Schulen, 2) Fragebogen zur Einschätzung überfachlicher Kompetenzen (Helm et al., 2012), 3) Eigenkonstruktion des IFES IPES 4) Ehemaligenbefragung Kanton Zürich;aktiv;likert6_zutreffen
qm_sekII;Pk_selbst_a;Output/Outcome;Überfachliche Kompetenzen;Haben Sie in der Zeit an Ihrer Schule in folgenden Bereichen dazu gelernt? Ich habe an der Schule gelernt, ...;... Probleme selbständig zu lösen.;Skala: Selbsteinschätzung des Zuwachses der personalen Kompetenzen;school_type_id = 3, 8;Mean, Ausschluss wenn Missings >3;1) SEIS - Selbstevaluation in Schulen, 2) Fragebogen zur Einschätzung überfachlicher Kompetenzen (Helm et al., 2012), 3) Eigenkonstruktion des IFES IPES 4) Ehemaligenbefragung Kanton Zürich;aktiv;likert6_zutreffen
qm_sekII;Pk_time;Output/Outcome;Überfachliche Kompetenzen;Wie beurteilen Sie Ihre personalen Kompetenzen?;Meine Arbeiten für die Schule stelle ich jeweils rechtzeitig fertig.;Skala: Selbsteinschätzung der personalen Kompetenzen;school_type_id = 1, 4, 5;Mean, Ausschluss wenn Missings >3;1) SEIS - Selbstevaluation in Schulen, 2) Fragebogen zur Einschätzung überfachlicher Kompetenzen (Helm et al., 2012), 3) Eigenkonstruktion des IFES IPES 4) Ehemaligenbefragung Kanton Zürich;aktiv;likert6_zutreffen
qm_sekII;Pk_time_a;Output/Outcome;Überfachliche Kompetenzen;Haben Sie in der Zeit an Ihrer Schule in folgenden Bereichen dazu gelernt? Ich habe an der Schule gelernt, ...;... meine Arbeit rechtzeitig fertig zu stellen.;Skala: Selbsteinschätzung des Zuwachses der personalen Kompetenzen;school_type_id = 3, 8, 9;Mean, Ausschluss wenn Missings >3;1) SEIS - Selbstevaluation in Schulen, 2) Fragebogen zur Einschätzung überfachlicher Kompetenzen (Helm et al., 2012), 3) Eigenkonstruktion des IFES IPES 4) Ehemaligenbefragung Kanton Zürich;aktiv;likert6_zutreffen
qm_sekII;Pk_urteil;Output/Outcome;Überfachliche Kompetenzen;Wie beurteilen Sie Ihre personalen Kompetenzen?;Ich bin in der Lage eigenständig zu urteilen.;Skala: Selbsteinschätzung der personalen Kompetenzen;school_type_id = 1, 4, 5;Mean, Ausschluss wenn Missings >3;1) SEIS - Selbstevaluation in Schulen, 2) Fragebogen zur Einschätzung überfachlicher Kompetenzen (Helm et al., 2012), 3) Eigenkonstruktion des IFES IPES 4) Ehemaligenbefragung Kanton Zürich;aktiv;likert6_zutreffen
qm_sekII;Polit_grund;Ausbildungsstand bei Schulabschluss;;Wie beurteilen Sie aus heutiger Sicht den Einfluss der Schule auf Ihre politische Bildung?;%s<school_type_local> habe ich gute Grundlagen zum Verständnis politischer Zusammenhänge erhalten.;Item-Gruppe: Politische Bildung;;;Eigenkonstruktion des IVM;aktiv;likert6_zutreffen2
qm_sekII;Polit_inter;Ausbildungsstand bei Schulabschluss;;Wie beurteilen Sie aus heutiger Sicht den Einfluss der Schule auf Ihre politische Bildung?;%s<school_type_nominativ1> hat mein Interesse an politischen Zusammenhängen gefördert.;Item-Gruppe: Politische Bildung;;;Eigenkonstruktion des IVM;aktiv;likert6_zutreffen2
qm_sekII;Pruef_ausk_a;Prozess;Unterricht;Wie schätzen Sie die Prüfungen und Lernkontrollen an Ihrer Schule ein?;Wenn ich bei den Prüfungen und der Notengebung etwas nicht verstehe, erhalte ich jederzeit problemlos Auskunft.;Einzelitem: Auskunft zu Prüfungen;school_type_id = 3, 8;;Eigenkonstruktion IFES IPES.;aktiv;likert6_zutreffen
qm_sekII;Pruef_info_a;Prozess;Unterricht;Wie schätzen Sie die Prüfungen und Lernkontrollen an Ihrer Schule ein?;Unsere Lehrpersonen informieren uns vor den Prüfungen über die Prüfungsanforderungen (Stoff, Art der Prüfung, Bewertungskriterien).;Einzelitem: Information zu Prüfungsanforderungen;school_type_id = 3, 8;;Eigenkonstruktion IFES IPES.;aktiv;likert6_zutreffen
qm_sekII;Pruef_stoff_a;Prozess;Unterricht;Wie schätzen Sie die Prüfungen und Lernkontrollen an Ihrer Schule ein?;Was geprüft wird, stimmt mit dem Unterrichtsstoff überein.;Einzelitem: Übereinstimmung Prüfungen und Unterrichtsstoff;school_type_id = 3, 8, 9;;Eigenkonstruktion IFES IPES.;aktiv;likert6_zutreffen
qm_sekII;Raumaus_a;Input;Infrastruktur der Schule;Wie beurteilen Sie die Ausstattung Ihrer Schule?;Die Schulräume sind so ausgestattet, dass ich dort gut lernen und arbeiten kann.;Item-Gruppe: Ausstattung der Schulräume;school_type_id = 3, 8;;Eigenkonstruktion IFES IPES in Anlehnung an Ulber (1998. Survey-Feddback-Instrument zur Organisationsdiagnose an Schulen).;aktiv;likert6_zutreffen
qm_sekII;Raumaus_b;Input;Infrastruktur der Schule;Wie beurteilen Sie die Ausstattung Ihrer Schule?;In den Schulräumen kann ich gut lernen.;Item-Gruppe: Ausstattung der Schulräume;school_type_id = 9;;Eigenkonstruktion IFES IPES in Anlehnung an Ulber (1998. Survey-Feddback-Instrument zur Organisationsdiagnose an Schulen).;aktiv;likert6_zutreffen
qm_sekII;Ref_bera;Prozess;Unterricht;Wie viel können Sie selber aktiv sein im Unterricht?;Unsere Lehrpersonen führen häufig individuelle Lernberatungen mit uns durch (z.B. aufgrund von Lernplänen, Lernverträgen und / oder Lerntagebüchern).;Skala: Selbstkontrolle und Arbeitsreflexion;school_type_id = 1, 4, 5;Mean, Ausschluss wenn Missings >2;Mittelschulerhebung 2004 (Leutwyler & Maag Merki, 2004. Indikatoren zu Kontextmerkmalen gymnasialer Bildung. Perspektive der Schülerinnen und Schüler. Skalen- und Itemdokumentation), Selfmonitoring (2 von 4 Items), Arbeitsreflexion (2 von 5 Items);aktiv;likert6_zutreffen
qm_sekII;Ref_bericht;Prozess;Unterricht;Wie viel können Sie selber aktiv sein im Unterricht?;Wir berichten im Unterricht häufig darüber, wie wir lernen (z.B. Prüfungen vorbereiten oder eine komplexe Aufgabenstellung bearbeiten).;Skala: Selbstkontrolle und Arbeitsreflexion;school_type_id = 1, 4, 5;Mean, Ausschluss wenn Missings >2;Mittelschulerhebung 2004 (Leutwyler & Maag Merki, 2004. Indikatoren zu Kontextmerkmalen gymnasialer Bildung. Perspektive der Schülerinnen und Schüler. Skalen- und Itemdokumentation), Selfmonitoring (2 von 4 Items), Arbeitsreflexion (2 von 5 Items);aktiv;likert6_zutreffen
qm_sekII;Ref_beur;Prozess;Unterricht;Wie viel können Sie selber aktiv sein im Unterricht?;Unsere Lehrpersonen weisen uns häufig an, unsere Arbeiten gegenseitig zu beurteilen.;Skala: Selbstkontrolle und Arbeitsreflexion;school_type_id = 1, 4, 5;Mean, Ausschluss wenn Missings >2;Mittelschulerhebung 2004 (Leutwyler & Maag Merki, 2004. Indikatoren zu Kontextmerkmalen gymnasialer Bildung. Perspektive der Schülerinnen und Schüler. Skalen- und Itemdokumentation), Selfmonitoring (2 von 4 Items), Arbeitsreflexion (2 von 5 Items);aktiv;likert6_zutreffen
qm_sekII;Ref_korr;Prozess;Unterricht;Wie viel können Sie selber aktiv sein im Unterricht?;Unsere Lehrpersonen geben uns häufig Gelegenheit zur Selbstkontrolle des Gelernten.;Skala: Selbstkontrolle und Arbeitsreflexion;school_type_id = 1, 4, 5;Mean, Ausschluss wenn Missings >2;Mittelschulerhebung 2004 (Leutwyler & Maag Merki, 2004. Indikatoren zu Kontextmerkmalen gymnasialer Bildung. Perspektive der Schülerinnen und Schüler. Skalen- und Itemdokumentation), Selfmonitoring (2 von 4 Items), Arbeitsreflexion (2 von 5 Items);aktiv;likert6_zutreffen
qm_sekII;Rueckfb;Rückmeldungen an Schule und zum Fragebogen;;Möchten Sie uns noch etwas zum Fragebogen mitteilen?;;Einzelitem: Rückmeldung zum Fragebogen;;;;aktiv;
qm_sekII;Rueckschul;Rückmeldungen an Schule und zum Fragebogen;;Gibt es etwas, das Sie der Schulleitung oder den Lehrpersonen sonst noch mitteilen möchten?;;Einzelitem: Rückmeldung an die Schule;;;;aktiv;
qm_sekII;Schul_achte;Ausbildungsstand bei Schulabschluss;;Haben Sie an Ihrer Schule folgende überfachlichen Kompetenzen gelernt? Ich habe gelernt...;... tolerant zu sein gegenüber anderen Werten und Lebensweisen.;Item-Gruppe: Unterstützung im Erwerb der personalen, sozialen und methodischen Kompetenzen durch die Schule;;;Eigenkonstruktion IFES IPES basierend auf personalen, sozialen und methodischen Kompetenzen;aktiv;likert6_zutreffen2
qm_sekII;Schul_eigen;Ausbildungsstand bei Schulabschluss;;Haben Sie an Ihrer Schule folgende überfachlichen Kompetenzen gelernt? Ich habe gelernt...;... Aufgaben eigenständig zu bearbeiten.;Item-Gruppe: Unterstützung im Erwerb der personalen, sozialen und methodischen Kompetenzen durch die Schule;;;Eigenkonstruktion IFES IPES basierend auf personalen, sozialen und methodischen Kompetenzen;aktiv;likert6_zutreffen2
qm_sekII;Schul_frag;Ausbildungsstand bei Schulabschluss;;Haben Sie an Ihrer Schule folgende überfachlichen Kompetenzen gelernt? Ich habe gelernt...;... nachzufragen, wenn ich etwas nicht verstehe.;Item-Gruppe: Unterstützung im Erwerb der personalen, sozialen und methodischen Kompetenzen durch die Schule;;;Eigenkonstruktion IFES IPES basierend auf personalen, sozialen und methodischen Kompetenzen;aktiv;likert6_zutreffen2
qm_sekII;Schul_gruppe;Ausbildungsstand bei Schulabschluss;;Haben Sie an Ihrer Schule folgende überfachlichen Kompetenzen gelernt? Ich habe gelernt...;... in Gruppen Verantwortung zu übernehmen.;Item-Gruppe: Unterstützung im Erwerb der personalen, sozialen und methodischen Kompetenzen durch die Schule;;;Eigenkonstruktion IFES IPES basierend auf personalen, sozialen und methodischen Kompetenzen;aktiv;likert6_zutreffen2
qm_sekII;Schul_idee;Ausbildungsstand bei Schulabschluss;;Haben Sie an Ihrer Schule folgende überfachlichen Kompetenzen gelernt? Ich habe gelernt...;... eigene Ideen umzusetzen.;Item-Gruppe: Unterstützung im Erwerb der personalen, sozialen und methodischen Kompetenzen durch die Schule;;;Eigenkonstruktion IFES IPES basierend auf personalen, sozialen und methodischen Kompetenzen;aktiv;likert6_zutreffen2
qm_sekII;Schul_info;Ausbildungsstand bei Schulabschluss;;Haben Sie an Ihrer Schule folgende überfachlichen Kompetenzen gelernt? Ich habe gelernt...;... Informationen aus Medien (Bücher, Internet etc.) zu entnehmen und zusammenzustellen.;Item-Gruppe: Unterstützung im Erwerb der personalen, sozialen und methodischen Kompetenzen durch die Schule;;;Eigenkonstruktion IFES IPES basierend auf personalen, sozialen und methodischen Kompetenzen;aktiv;likert6_zutreffen2
qm_sekII;Schul_it;Ausbildungsstand bei Schulabschluss;;Haben Sie an Ihrer Schule folgende überfachlichen Kompetenzen gelernt? Ich habe gelernt...;... mit IT-Anwendungen (Word, Excel, Internet- und E-Mail-Programme etc.) umzugehen.;Item-Gruppe: Unterstützung im Erwerb der personalen, sozialen und methodischen Kompetenzen durch die Schule;;;Eigenkonstruktion IFES IPES basierend auf personalen, sozialen und methodischen Kompetenzen;aktiv;likert6_zutreffen2
qm_sekII;Schul_konfl;Ausbildungsstand bei Schulabschluss;;Haben Sie an Ihrer Schule folgende überfachlichen Kompetenzen gelernt? Ich habe gelernt...;... mit Konflikten umzugehen.;Item-Gruppe: Unterstützung im Erwerb der personalen, sozialen und methodischen Kompetenzen durch die Schule;;;Eigenkonstruktion IFES IPES basierend auf personalen, sozialen und methodischen Kompetenzen;aktiv;likert6_zutreffen2
qm_sekII;Schul_kritik;Ausbildungsstand bei Schulabschluss;;Haben Sie an Ihrer Schule folgende überfachlichen Kompetenzen gelernt? Ich habe gelernt...;... mit Kritik und Verbesserungsvorschlägen umzugehen.;Item-Gruppe: Unterstützung im Erwerb der personalen, sozialen und methodischen Kompetenzen durch die Schule;;;Eigenkonstruktion IFES IPES basierend auf personalen, sozialen und methodischen Kompetenzen;aktiv;likert6_zutreffen2
qm_sekII;Schul_plan;Ausbildungsstand bei Schulabschluss;;Haben Sie an Ihrer Schule folgende überfachlichen Kompetenzen gelernt? Ich habe gelernt...;... zu Beginn zu überlegen, wie ich am besten etwas lerne oder bearbeite.;Item-Gruppe: Unterstützung im Erwerb der personalen, sozialen und methodischen Kompetenzen durch die Schule;;;Eigenkonstruktion IFES IPES basierend auf personalen, sozialen und methodischen Kompetenzen;aktiv;likert6_zutreffen2
qm_sekII;Schul_prae;Ausbildungsstand bei Schulabschluss;;Haben Sie an Ihrer Schule folgende überfachlichen Kompetenzen gelernt? Ich habe gelernt...;... verständlich und überzeugend vorzutragen.;Item-Gruppe: Unterstützung im Erwerb der personalen, sozialen und methodischen Kompetenzen durch die Schule;;;Eigenkonstruktion IFES IPES basierend auf personalen, sozialen und methodischen Kompetenzen;aktiv;likert6_zutreffen2
qm_sekII;Schul_rueck;Ausbildungsstand bei Schulabschluss;;Haben Sie an Ihrer Schule folgende überfachlichen Kompetenzen gelernt? Ich habe gelernt...;... Rücksicht zu nehmen auf andere.;Item-Gruppe: Unterstützung im Erwerb der personalen, sozialen und methodischen Kompetenzen durch die Schule;;;Eigenkonstruktion IFES IPES basierend auf personalen, sozialen und methodischen Kompetenzen;aktiv;likert6_zutreffen2
qm_sekII;Schul_schw;Ausbildungsstand bei Schulabschluss;;Haben Sie an Ihrer Schule folgende überfachlichen Kompetenzen gelernt? Ich habe gelernt...;... meine eigenen Stärken und Schwächen zu kennen;Item-Gruppe: Unterstützung im Erwerb der personalen, sozialen und methodischen Kompetenzen durch die Schule;;;Eigenkonstruktion IFES IPES basierend auf personalen, sozialen und methodischen Kompetenzen;aktiv;likert6_zutreffen2
qm_sekII;Schul_selbt;Ausbildungsstand bei Schulabschluss;;Haben Sie an Ihrer Schule folgende überfachlichen Kompetenzen gelernt? Ich habe gelernt...;... selbstständig Probleme zu lösen.;Item-Gruppe: Unterstützung im Erwerb der personalen, sozialen und methodischen Kompetenzen durch die Schule;;;Eigenkonstruktion IFES IPES basierend auf personalen, sozialen und methodischen Kompetenzen;aktiv;likert6_zutreffen2
qm_sekII;Schul_strate;Ausbildungsstand bei Schulabschluss;;Haben Sie an Ihrer Schule folgende überfachlichen Kompetenzen gelernt? Ich habe gelernt...;... verschiedene Strategien zur Problemlösung anzuwenden.;Item-Gruppe: Unterstützung im Erwerb der personalen, sozialen und methodischen Kompetenzen durch die Schule;;;Eigenkonstruktion IFES IPES basierend auf personalen, sozialen und methodischen Kompetenzen;aktiv;likert6_zutreffen2
qm_sekII;Schul_time;Ausbildungsstand bei Schulabschluss;;Haben Sie an Ihrer Schule folgende überfachlichen Kompetenzen gelernt? Ich habe gelernt...;... Arbeiten rechtzeitig fertig zu stellen.;Item-Gruppe: Unterstützung im Erwerb der personalen, sozialen und methodischen Kompetenzen durch die Schule;;;Eigenkonstruktion IFES IPES basierend auf personalen, sozialen und methodischen Kompetenzen;aktiv;likert6_zutreffen2
qm_sekII;Schul_ueber;Ausbildungsstand bei Schulabschluss;;Haben Sie an Ihrer Schule folgende überfachlichen Kompetenzen gelernt? Ich habe gelernt...;... während des Lernens zu überprüfen, ob ich es verstanden habe.;Item-Gruppe: Unterstützung im Erwerb der personalen, sozialen und methodischen Kompetenzen durch die Schule;;;Eigenkonstruktion IFES IPES basierend auf personalen, sozialen und methodischen Kompetenzen;aktiv;likert6_zutreffen2
qm_sekII;Schul_urteil;Ausbildungsstand bei Schulabschluss;;Haben Sie an Ihrer Schule folgende überfachlichen Kompetenzen gelernt? Ich habe gelernt...;... eigenständig zu urteilen.;Item-Gruppe: Unterstützung im Erwerb der personalen, sozialen und methodischen Kompetenzen durch die Schule;;;Eigenkonstruktion IFES IPES basierend auf personalen, sozialen und methodischen Kompetenzen;aktiv;likert6_zutreffen2
qm_sekII;Schul_wort;Ausbildungsstand bei Schulabschluss;;Haben Sie an Ihrer Schule folgende überfachlichen Kompetenzen gelernt? Ich habe gelernt...;... Gelerntes mit eigenen Worten wiederzugeben.;Item-Gruppe: Unterstützung im Erwerb der personalen, sozialen und methodischen Kompetenzen durch die Schule;;;Eigenkonstruktion IFES IPES basierend auf personalen, sozialen und methodischen Kompetenzen;aktiv;likert6_zutreffen2
qm_sekII;Schul_ziel;Ausbildungsstand bei Schulabschluss;;Haben Sie an Ihrer Schule folgende überfachlichen Kompetenzen gelernt? Ich habe gelernt...;... Lernziele zu setzen.;Item-Gruppe: Unterstützung im Erwerb der personalen, sozialen und methodischen Kompetenzen durch die Schule;;;Eigenkonstruktion IFES IPES basierend auf personalen, sozialen und methodischen Kompetenzen;aktiv;likert6_zutreffen2
qm_sekII;Schul_zusamm;Ausbildungsstand bei Schulabschluss;;Haben Sie an Ihrer Schule folgende überfachlichen Kompetenzen gelernt? Ich habe gelernt...;... mit anderen zusammen zu arbeiten.;Item-Gruppe: Unterstützung im Erwerb der personalen, sozialen und methodischen Kompetenzen durch die Schule;;;Eigenkonstruktion IFES IPES basierend auf personalen, sozialen und methodischen Kompetenzen;aktiv;likert6_zutreffen2
qm_sekII;Schwerpunktf;Statistische Angaben;;;;Einzelitem: Schwerpunktfach (nur Gym);school_type_id = 1;;MAR 95;aktiv;schwerpunktf
qm_sekII;Selbstorg_a;Input;Individuelle Eingangsvoraussetzungen der Lernenden;Wie beurteilen Sie Ihr eigenes Lernverhalten?;Ich kann mich so organisieren, dass ich die Anforderungen der Schule erfüllen kann.;Einzelitem: Selbstorganisation;school_type_id = 3, 8;;Eigenkonstruktion des IFES IPES;aktiv;likert6_zutreffen
qm_sekII;Sex;Statistische Angaben;;Ihr Geschlecht;Falls Ihr Geschlecht nicht in der Auswahl aufgeführt ist, wählen Sie bitte keine Antwort.;Einzelitem: Geschlecht;;;;aktiv;sex
qm_sekII;Sk_achte;Output/Outcome;Überfachliche Kompetenzen;Wie beurteilen Sie Ihre sozialen Kompetenzen?;Ich achte andere Werte und Lebensweisen.;Skala: Selbsteinschätzung der sozialen Kompetenzen;school_type_id = 1, 4, 5;Mean, Ausschluss wenn Missings >3;Lehrplan 21: Kooperationsfähigkeit, Konfliktfähigkeit, Umgang mit Vielfalt;aktiv;likert6_zutreffen
qm_sekII;Sk_gruppe;Output/Outcome;Überfachliche Kompetenzen;Wie beurteilen Sie Ihre sozialen Kompetenzen?;In Gruppen kann ich Verantwortung übernehmen.;Skala: Selbsteinschätzung der sozialen Kompetenzen;school_type_id = 1, 4, 5;Mean, Ausschluss wenn Missings >3;Lehrplan 21: Kooperationsfähigkeit, Konfliktfähigkeit, Umgang mit Vielfalt;aktiv;likert6_zutreffen
qm_sekII;Sk_gruppe_a;Output/Outcome;Überfachliche Kompetenzen;Haben Sie in der Zeit an Ihrer Schule in folgenden Bereichen dazu gelernt? Ich habe an der Schule gelernt, ...;... in einer Gruppe Verantwortung zu übernehmen.;Skala: Selbsteinschätzung des Zuwachses der sozialen Kompetenzen;school_type_id = 3, 8;Mean, Ausschluss wenn Missings >3;Lehrplan 21: Kooperationsfähigkeit, Konfliktfähigkeit, Umgang mit Vielfalt;aktiv;likert6_zutreffen
qm_sekII;Sk_konfl;Output/Outcome;Überfachliche Kompetenzen;Wie beurteilen Sie Ihre sozialen Kompetenzen?;Ich gehe Konflikten nicht aus dem Weg, sondern versuche, diese zu klären und zu lösen.;Skala: Selbsteinschätzung der sozialen Kompetenzen;school_type_id = 1, 4, 5;Mean, Ausschluss wenn Missings >3;Lehrplan 21: Kooperationsfähigkeit, Konfliktfähigkeit, Umgang mit Vielfalt;aktiv;likert6_zutreffen
qm_sekII;Sk_konfl_a;Output/Outcome;Überfachliche Kompetenzen;Haben Sie in der Zeit an Ihrer Schule in folgenden Bereichen dazu gelernt? Ich habe an der Schule gelernt, ...;... mit Konflikten umzugehen.;Skala: Selbsteinschätzung des Zuwachses der sozialen Kompetenzen;school_type_id = 3, 8, 9;Mean, Ausschluss wenn Missings >3;Lehrplan 21: Kooperationsfähigkeit, Konfliktfähigkeit, Umgang mit Vielfalt;aktiv;likert6_zutreffen
qm_sekII;Sk_kritik;Output/Outcome;Überfachliche Kompetenzen;Wie beurteilen Sie Ihre sozialen Kompetenzen?;Ich kann Kritik und Verbesserungsvorschläge annehmen.;Skala: Selbsteinschätzung der sozialen Kompetenzen;school_type_id = 1, 4, 5;Mean, Ausschluss wenn Missings >3;Lehrplan 21: Kooperationsfähigkeit, Konfliktfähigkeit, Umgang mit Vielfalt;aktiv;likert6_zutreffen
qm_sekII;Sk_kritik_a;Output/Outcome;Überfachliche Kompetenzen;Haben Sie in der Zeit an Ihrer Schule in folgenden Bereichen dazu gelernt? Ich habe an der Schule gelernt, ...;... mit Kritik und Verbesserungsvorschlägen umzugehen.;Skala: Selbsteinschätzung des Zuwachses der sozialen Kompetenzen;school_type_id = 3, 8, 9;Mean, Ausschluss wenn Missings >3;Lehrplan 21: Kooperationsfähigkeit, Konfliktfähigkeit, Umgang mit Vielfalt;aktiv;likert6_zutreffen
qm_sekII;Sk_rueck;Output/Outcome;Überfachliche Kompetenzen;Wie beurteilen Sie Ihre sozialen Kompetenzen?;Ich nehme Rücksicht auf andere.;Skala: Selbsteinschätzung der sozialen Kompetenzen;school_type_id = 1, 4, 5;Mean, Ausschluss wenn Missings >3;Lehrplan 21: Kooperationsfähigkeit, Konfliktfähigkeit, Umgang mit Vielfalt;aktiv;likert6_zutreffen
qm_sekII;Sk_rueck_a;Output/Outcome;Überfachliche Kompetenzen;Haben Sie in der Zeit an Ihrer Schule in folgenden Bereichen dazu gelernt? Ich habe an der Schule gelernt, ...;... auf Andere Rücksicht zu nehmen.;Skala: Selbsteinschätzung des Zuwachses der sozialen Kompetenzen;school_type_id = 3, 8;Mean, Ausschluss wenn Missings >3;Lehrplan 21: Kooperationsfähigkeit, Konfliktfähigkeit, Umgang mit Vielfalt;aktiv;likert6_zutreffen
qm_sekII;Sk_zusamm;Output/Outcome;Überfachliche Kompetenzen;Wie beurteilen Sie Ihre sozialen Kompetenzen?;Ich kann gut mit anderen zusammenarbeiten.;Skala: Selbsteinschätzung der sozialen Kompetenzen;school_type_id = 1, 4, 5;Mean, Ausschluss wenn Missings >3;Lehrplan 21: Kooperationsfähigkeit, Konfliktfähigkeit, Umgang mit Vielfalt;aktiv;likert6_zutreffen
qm_sekII;Sk_zusamm_a;Output/Outcome;Überfachliche Kompetenzen;Haben Sie in der Zeit an Ihrer Schule in folgenden Bereichen dazu gelernt? Ich habe an der Schule gelernt, ...;... im Team zu arbeiten.;Skala: Selbsteinschätzung des Zuwachses der sozialen Kompetenzen;school_type_id = 3, 8, 9;Mean, Ausschluss wenn Missings >3;Lehrplan 21: Kooperationsfähigkeit, Konfliktfähigkeit, Umgang mit Vielfalt;aktiv;likert6_zutreffen
qm_sekII;Sozintkl_a;Prozess;Verhalten und Befinden der Lernenden;Wie fühlen Sie sich in Ihrer Klasse?;Ich fühle mich in meiner Klasse wohl.;Einzelitem: Soziale Integration in die Klasse;school_type_id = 3, 8, 9;;Eigenkonstruktion IFES IPES, in Anlehnung an Steinert, Gerecht, Klieme & Doebrich (2003).;aktiv;likert6_zutreffen
qm_sekII;Sozumfeld;Input;Individuelle Eingangsvoraussetzungen der Schülerinnen und Schüler;%s<title_p11_g2>;Mein Umfeld (Eltern, Geschwister, Freunde, etc.) unterstützt mich falls nötig beim Lernen.;Einzelitem: Unterstützung durch das Umfeld;school_type_id = 1, 4, 5;;Eigenkonstruktion des IVM;aktiv;likert6_zutreffen
qm_sekII;Sozumfeld_a;Input;Individuelle Eingangsvoraussetzungen der Lernenden;%s<title_p11_g2>;Meine Eltern, Geschwister, Freunde, etc. helfen mir falls nötig beim Lernen für die Schule.;Einzelitem: Unterstützung durch das Umfeld;school_type_id = 3, 8, 9;;Eigenkonstruktion des IVM;aktiv;likert6_zutreffen
qm_sekII;Stand_abu;Ausbildungsstand bei Schulabschluss;;Wie schätzen Sie Ihren Ausbildungsstand zum Zeitpunkt %s<school_type_end> aus heutiger Sicht in den von Ihnen belegten Fächern ein?;Allgemeinbildende Fächer;Item-Gruppe: Selbsteinschätzung des Ausbildungsstandes bei Schulabschluss;school_type_id = 3, 8;;Basierend auf Fächerangebot (MAR95, BMV 2009, Kantonale Verordnungen für FMS, HMS/WMS/IMS);aktiv;likert6_tief_hoch
qm_sekII;Stand_am;Ausbildungsstand bei Schulabschluss;;Wie schätzen Sie Ihren Ausbildungsstand zum Zeitpunkt %s<school_type_end> aus heutiger Sicht in den von Ihnen belegten Fächern ein?;Anwendungen der Mathematik;Item-Gruppe: Selbsteinschätzung des Ausbildungsstandes bei Schulabschluss;school_type_id = 1;;Basierend auf Fächerangebot (MAR95, BMV 2009, Kantonale Verordnungen für FMS, HMS/WMS/IMS);aktiv;likert6_tief_hoch
qm_sekII;Stand_bg;Ausbildungsstand bei Schulabschluss;;Wie schätzen Sie Ihren Ausbildungsstand zum Zeitpunkt %s<school_type_end> aus heutiger Sicht in den von Ihnen belegten Fächern ein?;Bildnerisches Gestalten / Gestaltung;Item-Gruppe: Selbsteinschätzung des Ausbildungsstandes bei Schulabschluss;school_type_id = 1, 4;;Basierend auf Fächerangebot (MAR95, BMV 2009, Kantonale Verordnungen für FMS, HMS/WMS/IMS);aktiv;likert6_tief_hoch
qm_sekII;Stand_biche;Ausbildungsstand bei Schulabschluss;;Wie schätzen Sie Ihren Ausbildungsstand zum Zeitpunkt %s<school_type_end> aus heutiger Sicht in den von Ihnen belegten Fächern ein?;Biologie und Chemie (in Kombination als Schwerpunktfach);Item-Gruppe: Selbsteinschätzung des Ausbildungsstandes bei Schulabschluss;school_type_id = 1;;Basierend auf Fächerangebot (MAR95, BMV 2009, Kantonale Verordnungen für FMS, HMS/WMS/IMS);aktiv;likert6_tief_hoch
qm_sekII;Stand_bio;Ausbildungsstand bei Schulabschluss;;Wie schätzen Sie Ihren Ausbildungsstand zum Zeitpunkt %s<school_type_end> aus heutiger Sicht in den von Ihnen belegten Fächern ein?;Biologie;Item-Gruppe: Selbsteinschätzung des Ausbildungsstandes bei Schulabschluss;school_type_id = 1, 4;;Basierend auf Fächerangebot (MAR95, BMV 2009, Kantonale Verordnungen für FMS, HMS/WMS/IMS);aktiv;likert6_tief_hoch
qm_sekII;Stand_bkf;Ausbildungsstand bei Schulabschluss;;Wie schätzen Sie Ihren Ausbildungsstand zum Zeitpunkt %s<school_type_end> aus heutiger Sicht in den von Ihnen belegten Fächern ein?;Berufskundliche Fächer;Item-Gruppe: Selbsteinschätzung des Ausbildungsstandes bei Schulabschluss;school_type_id = 3, 8;;Basierend auf Fächerangebot (MAR95, BMV 2009, Kantonale Verordnungen für FMS, HMS/WMS/IMS);aktiv;likert6_tief_hoch
qm_sekII;Stand_chem;Ausbildungsstand bei Schulabschluss;;Wie schätzen Sie Ihren Ausbildungsstand zum Zeitpunkt %s<school_type_end> aus heutiger Sicht in den von Ihnen belegten Fächern ein?;Chemie;Item-Gruppe: Selbsteinschätzung des Ausbildungsstandes bei Schulabschluss;school_type_id = 1, 3, 4, 5;;Basierend auf Fächerangebot (MAR95, BMV 2009, Kantonale Verordnungen für FMS, HMS/WMS/IMS);aktiv;likert6_tief_hoch
qm_sekII;Stand_de;Ausbildungsstand bei Schulabschluss;;Wie schätzen Sie Ihren Ausbildungsstand zum Zeitpunkt %s<school_type_end> aus heutiger Sicht in den von Ihnen belegten Fächern ein?;Deutsch;Item-Gruppe: Selbsteinschätzung des Ausbildungsstandes bei Schulabschluss;school_type_id = 1, 3, 4, 5;;Basierend auf Fächerangebot (MAR95, BMV 2009, Kantonale Verordnungen für FMS, HMS/WMS/IMS);aktiv;likert6_tief_hoch
qm_sekII;Stand_eng;Ausbildungsstand bei Schulabschluss;;Wie schätzen Sie Ihren Ausbildungsstand zum Zeitpunkt %s<school_type_end> aus heutiger Sicht in den von Ihnen belegten Fächern ein?;Englisch;Item-Gruppe: Selbsteinschätzung des Ausbildungsstandes bei Schulabschluss;school_type_id = 1, 3, 4, 5;;Basierend auf Fächerangebot (MAR95, BMV 2009, Kantonale Verordnungen für FMS, HMS/WMS/IMS);aktiv;likert6_tief_hoch
qm_sekII;Stand_es;Ausbildungsstand bei Schulabschluss;;Wie schätzen Sie Ihren Ausbildungsstand zum Zeitpunkt %s<school_type_end> aus heutiger Sicht in den von Ihnen belegten Fächern ein?;Spanisch;Item-Gruppe: Selbsteinschätzung des Ausbildungsstandes bei Schulabschluss;school_type_id = 1;;Basierend auf Fächerangebot (MAR95, BMV 2009, Kantonale Verordnungen für FMS, HMS/WMS/IMS);aktiv;likert6_tief_hoch
qm_sekII;Stand_fr;Ausbildungsstand bei Schulabschluss;;Wie schätzen Sie Ihren Ausbildungsstand zum Zeitpunkt %s<school_type_end> aus heutiger Sicht in den von Ihnen belegten Fächern ein?;Französisch;Item-Gruppe: Selbsteinschätzung des Ausbildungsstandes bei Schulabschluss;school_type_id = 1, 3, 4, 5;;Basierend auf Fächerangebot (MAR95, BMV 2009, Kantonale Verordnungen für FMS, HMS/WMS/IMS);aktiv;likert6_tief_hoch
qm_sekII;Stand_fur;Ausbildungsstand bei Schulabschluss;;Wie schätzen Sie Ihren Ausbildungsstand zum Zeitpunkt %s<school_type_end> aus heutiger Sicht in den von Ihnen belegten Fächern ein?;Finanz- und Rechnungswesen;Item-Gruppe: Selbsteinschätzung des Ausbildungsstandes bei Schulabschluss;school_type_id = 3, 5;;Basierend auf Fächerangebot (MAR95, BMV 2009, Kantonale Verordnungen für FMS, HMS/WMS/IMS);aktiv;likert6_tief_hoch
qm_sekII;Stand_geo;Ausbildungsstand bei Schulabschluss;;Wie schätzen Sie Ihren Ausbildungsstand zum Zeitpunkt %s<school_type_end> aus heutiger Sicht in den von Ihnen belegten Fächern ein?;Geografie;Item-Gruppe: Selbsteinschätzung des Ausbildungsstandes bei Schulabschluss;school_type_id = 1, 4;;Basierend auf Fächerangebot (MAR95, BMV 2009, Kantonale Verordnungen für FMS, HMS/WMS/IMS);aktiv;likert6_tief_hoch
qm_sekII;Stand_gesch;Ausbildungsstand bei Schulabschluss;;Wie schätzen Sie Ihren Ausbildungsstand zum Zeitpunkt %s<school_type_end> aus heutiger Sicht in den von Ihnen belegten Fächern ein?;Geschichte / Staatslehre / Politik;Item-Gruppe: Selbsteinschätzung des Ausbildungsstandes bei Schulabschluss;school_type_id = 1,3, 4, 5;;Basierend auf Fächerangebot (MAR95, BMV 2009, Kantonale Verordnungen für FMS, HMS/WMS/IMS);aktiv;likert6_tief_hoch
qm_sekII;Stand_gkk;Ausbildungsstand bei Schulabschluss;;Wie schätzen Sie Ihren Ausbildungsstand zum Zeitpunkt %s<school_type_end> aus heutiger Sicht in den von Ihnen belegten Fächern ein?;Gestaltung, Kunst, Kultur;Item-Gruppe: Selbsteinschätzung des Ausbildungsstandes bei Schulabschluss;school_type_id = 3;;Basierend auf Fächerangebot (MAR95, BMV 2009, Kantonale Verordnungen für FMS, HMS/WMS/IMS);aktiv;likert6_tief_hoch
qm_sekII;Stand_grie;Ausbildungsstand bei Schulabschluss;;Wie schätzen Sie Ihren Ausbildungsstand zum Zeitpunkt %s<school_type_end> aus heutiger Sicht in den von Ihnen belegten Fächern ein?;Griechisch;Item-Gruppe: Selbsteinschätzung des Ausbildungsstandes bei Schulabschluss;school_type_id = 1;;Basierend auf Fächerangebot (MAR95, BMV 2009, Kantonale Verordnungen für FMS, HMS/WMS/IMS);aktiv;likert6_tief_hoch
qm_sekII;Stand_ict;Ausbildungsstand bei Schulabschluss;;Wie schätzen Sie Ihren Ausbildungsstand zum Zeitpunkt %s<school_type_end> aus heutiger Sicht in den von Ihnen belegten Fächern ein?;Informations- und Kommunikationstechnologien (Informatik);Item-Gruppe: Selbsteinschätzung des Ausbildungsstandes bei Schulabschluss;school_type_id = 1, 4, 5;;Basierend auf Fächerangebot (MAR95, BMV 2009, Kantonale Verordnungen für FMS, HMS/WMS/IMS);aktiv;likert6_tief_hoch
qm_sekII;Stand_ika;Ausbildungsstand bei Schulabschluss;;Wie schätzen Sie Ihren Ausbildungsstand zum Zeitpunkt %s<school_type_end> aus heutiger Sicht in den von Ihnen belegten Fächern ein?;Information, Kommunikation, Administration (IKA);Item-Gruppe: Selbsteinschätzung des Ausbildungsstandes bei Schulabschluss;school_type_id = 5;;Basierend auf Fächerangebot (MAR95, BMV 2009, Kantonale Verordnungen für FMS, HMS/WMS/IMS);aktiv;likert6_tief_hoch
qm_sekII;Stand_ipt;Ausbildungsstand bei Schulabschluss;;Wie schätzen Sie Ihren Ausbildungsstand zum Zeitpunkt %s<school_type_end> aus heutiger Sicht in den von Ihnen belegten Fächern ein?;Integrierte Praxisteile (IPT);Item-Gruppe: Selbsteinschätzung des Ausbildungsstandes bei Schulabschluss;school_type_id = 5;;Basierend auf Fächerangebot (MAR95, BMV 2009, Kantonale Verordnungen für FMS, HMS/WMS/IMS);aktiv;likert6_tief_hoch
qm_sekII;Stand_it;Ausbildungsstand bei Schulabschluss;;Wie schätzen Sie Ihren Ausbildungsstand zum Zeitpunkt %s<school_type_end> aus heutiger Sicht in den von Ihnen belegten Fächern ein?;Italienisch;Item-Gruppe: Selbsteinschätzung des Ausbildungsstandes bei Schulabschluss;school_type_id = 1, 3, 4, 5;;Basierend auf Fächerangebot (MAR95, BMV 2009, Kantonale Verordnungen für FMS, HMS/WMS/IMS);aktiv;likert6_tief_hoch
qm_sekII;Stand_iuk;Ausbildungsstand bei Schulabschluss;;Wie schätzen Sie Ihren Ausbildungsstand zum Zeitpunkt %s<school_type_end> aus heutiger Sicht in den von Ihnen belegten Fächern ein?;Information und Kommunikation;Item-Gruppe: Selbsteinschätzung des Ausbildungsstandes bei Schulabschluss;school_type_id = 3;;Basierend auf Fächerangebot (MAR95, BMV 2009, Kantonale Verordnungen für FMS, HMS/WMS/IMS);aktiv;likert6_tief_hoch
qm_sekII;Stand_lat;Ausbildungsstand bei Schulabschluss;;Wie schätzen Sie Ihren Ausbildungsstand zum Zeitpunkt %s<school_type_end> aus heutiger Sicht in den von Ihnen belegten Fächern ein?;Latein;Item-Gruppe: Selbsteinschätzung des Ausbildungsstandes bei Schulabschluss;school_type_id = 1;;Basierend auf Fächerangebot (MAR95, BMV 2009, Kantonale Verordnungen für FMS, HMS/WMS/IMS);aktiv;likert6_tief_hoch
qm_sekII;Stand_math;Ausbildungsstand bei Schulabschluss;;Wie schätzen Sie Ihren Ausbildungsstand zum Zeitpunkt %s<school_type_end> aus heutiger Sicht in den von Ihnen belegten Fächern ein?;Mathematik;Item-Gruppe: Selbsteinschätzung des Ausbildungsstandes bei Schulabschluss;school_type_id = 1, 3, 4, 5;;Basierend auf Fächerangebot (MAR95, BMV 2009, Kantonale Verordnungen für FMS, HMS/WMS/IMS);aktiv;likert6_tief_hoch
qm_sekII;Stand_mus;Ausbildungsstand bei Schulabschluss;;Wie schätzen Sie Ihren Ausbildungsstand zum Zeitpunkt %s<school_type_end> aus heutiger Sicht in den von Ihnen belegten Fächern ein?;Musik;Item-Gruppe: Selbsteinschätzung des Ausbildungsstandes bei Schulabschluss;school_type_id = 1, 4;;Basierend auf Fächerangebot (MAR95, BMV 2009, Kantonale Verordnungen für FMS, HMS/WMS/IMS);aktiv;likert6_tief_hoch
qm_sekII;Stand_nat;Ausbildungsstand bei Schulabschluss;;Wie schätzen Sie Ihren Ausbildungsstand zum Zeitpunkt %s<school_type_end> aus heutiger Sicht in den von Ihnen belegten Fächern ein?;Naturwissenschaften;Item-Gruppe: Selbsteinschätzung des Ausbildungsstandes bei Schulabschluss;school_type_id = 3;;Basierend auf Fächerangebot (MAR95, BMV 2009, Kantonale Verordnungen für FMS, HMS/WMS/IMS);aktiv;likert6_tief_hoch
qm_sekII;Stand_oek;Ausbildungsstand bei Schulabschluss;;Wie schätzen Sie Ihren Ausbildungsstand zum Zeitpunkt %s<school_type_end> aus heutiger Sicht in den von Ihnen belegten Fächern ein?;Biologie / Ökologie;Item-Gruppe: Selbsteinschätzung des Ausbildungsstandes bei Schulabschluss;school_type_id = 3;;Basierend auf Fächerangebot (MAR95, BMV 2009, Kantonale Verordnungen für FMS, HMS/WMS/IMS);aktiv;likert6_tief_hoch
qm_sekII;Stand_paepsy;Ausbildungsstand bei Schulabschluss;;Wie schätzen Sie Ihren Ausbildungsstand zum Zeitpunkt %s<school_type_end> aus heutiger Sicht in den von Ihnen belegten Fächern ein?;Pädagogik / Psychologie;Item-Gruppe: Selbsteinschätzung des Ausbildungsstandes bei Schulabschluss;school_type_id = 1, 4;;Basierend auf Fächerangebot (MAR95, BMV 2009, Kantonale Verordnungen für FMS, HMS/WMS/IMS);aktiv;likert6_tief_hoch
qm_sekII;Stand_phil;Ausbildungsstand bei Schulabschluss;;Wie schätzen Sie Ihren Ausbildungsstand zum Zeitpunkt %s<school_type_end> aus heutiger Sicht in den von Ihnen belegten Fächern ein?;Philosophie;Item-Gruppe: Selbsteinschätzung des Ausbildungsstandes bei Schulabschluss;school_type_id = 1;;Basierend auf Fächerangebot (MAR95, BMV 2009, Kantonale Verordnungen für FMS, HMS/WMS/IMS);aktiv;likert6_tief_hoch
qm_sekII;Stand_phy;Ausbildungsstand bei Schulabschluss;;Wie schätzen Sie Ihren Ausbildungsstand zum Zeitpunkt %s<school_type_end> aus heutiger Sicht in den von Ihnen belegten Fächern ein?;Physik;Item-Gruppe: Selbsteinschätzung des Ausbildungsstandes bei Schulabschluss;school_type_id = 1, 3, 4, 5;;Basierend auf Fächerangebot (MAR95, BMV 2009, Kantonale Verordnungen für FMS, HMS/WMS/IMS);aktiv;likert6_tief_hoch
qm_sekII;Stand_phyam;Ausbildungsstand bei Schulabschluss;;Wie schätzen Sie Ihren Ausbildungsstand zum Zeitpunkt %s<school_type_end> aus heutiger Sicht in den von Ihnen belegten Fächern ein?;Physik und Anwendungen der Mathematik (in Kombination als Schwerpunktfach);Item-Gruppe: Selbsteinschätzung des Ausbildungsstandes bei Schulabschluss;school_type_id = 1;;Basierend auf Fächerangebot (MAR95, BMV 2009, Kantonale Verordnungen für FMS, HMS/WMS/IMS);aktiv;likert6_tief_hoch
qm_sekII;Stand_ppp;Ausbildungsstand bei Schulabschluss;;Wie schätzen Sie Ihren Ausbildungsstand zum Zeitpunkt %s<school_type_end> aus heutiger Sicht in den von Ihnen belegten Fächern ein?;Philosophie / Pädagogik / Psychologie (in Kombination als Schwerpunktfach);Item-Gruppe: Selbsteinschätzung des Ausbildungsstandes bei Schulabschluss;school_type_id = 1;;Basierend auf Fächerangebot (MAR95, BMV 2009, Kantonale Verordnungen für FMS, HMS/WMS/IMS);aktiv;likert6_tief_hoch
qm_sekII;Stand_reli;Ausbildungsstand bei Schulabschluss;;Wie schätzen Sie Ihren Ausbildungsstand zum Zeitpunkt %s<school_type_end> aus heutiger Sicht in den von Ihnen belegten Fächern ein?;Religionslehre / Religion und Ethik;Item-Gruppe: Selbsteinschätzung des Ausbildungsstandes bei Schulabschluss;school_type_id = 1;;Basierend auf Fächerangebot (MAR95, BMV 2009, Kantonale Verordnungen für FMS, HMS/WMS/IMS);aktiv;likert6_tief_hoch
qm_sekII;Stand_rom;Ausbildungsstand bei Schulabschluss;;Wie schätzen Sie Ihren Ausbildungsstand zum Zeitpunkt %s<school_type_end> aus heutiger Sicht in den von Ihnen belegten Fächern ein?;Romanisch;Item-Gruppe: Selbsteinschätzung des Ausbildungsstandes bei Schulabschluss;school_type_id = 1, 3, 4, 5;;Basierend auf Fächerangebot (MAR95, BMV 2009, Kantonale Verordnungen für FMS, HMS/WMS/IMS);aktiv;likert6_tief_hoch
qm_sekII;Stand_ru;Ausbildungsstand bei Schulabschluss;;Wie schätzen Sie Ihren Ausbildungsstand zum Zeitpunkt %s<school_type_end> aus heutiger Sicht in den von Ihnen belegten Fächern ein?;Russisch;Item-Gruppe: Selbsteinschätzung des Ausbildungsstandes bei Schulabschluss;school_type_id = 1;;Basierend auf Fächerangebot (MAR95, BMV 2009, Kantonale Verordnungen für FMS, HMS/WMS/IMS);aktiv;likert6_tief_hoch
qm_sekII;Stand_soz;Ausbildungsstand bei Schulabschluss;;Wie schätzen Sie Ihren Ausbildungsstand zum Zeitpunkt %s<school_type_end> aus heutiger Sicht in den von Ihnen belegten Fächern ein?;Sozialwissenschaften;Item-Gruppe: Selbsteinschätzung des Ausbildungsstandes bei Schulabschluss;school_type_id = 3;;Basierend auf Fächerangebot (MAR95, BMV 2009, Kantonale Verordnungen für FMS, HMS/WMS/IMS);aktiv;likert6_tief_hoch
qm_sekII;Stand_sport;Ausbildungsstand bei Schulabschluss;;Wie schätzen Sie Ihren Ausbildungsstand zum Zeitpunkt %s<school_type_end> aus heutiger Sicht in den von Ihnen belegten Fächern ein?;Sport;Item-Gruppe: Selbsteinschätzung des Ausbildungsstandes bei Schulabschluss;school_type_id = 1, 4, 5;;Basierend auf Fächerangebot (MAR95, BMV 2009, Kantonale Verordnungen für FMS, HMS/WMS/IMS);aktiv;likert6_tief_hoch
qm_sekII;Stand_tuu;Ausbildungsstand bei Schulabschluss;;Wie schätzen Sie Ihren Ausbildungsstand zum Zeitpunkt %s<school_type_end> aus heutiger Sicht in den von Ihnen belegten Fächern ein?;Technik und Umwelt;Item-Gruppe: Selbsteinschätzung des Ausbildungsstandes bei Schulabschluss;school_type_id = 3;;Basierend auf Fächerangebot (MAR95, BMV 2009, Kantonale Verordnungen für FMS, HMS/WMS/IMS);aktiv;likert6_tief_hoch
qm_sekII;Stand_uek;Ausbildungsstand bei Schulabschluss;;Wie schätzen Sie Ihren Ausbildungsstand zum Zeitpunkt %s<school_type_end> aus heutiger Sicht in den von Ihnen belegten Fächern ein?;Überbetriebliche Kurse / Einführungskurse;Item-Gruppe: Selbsteinschätzung des Ausbildungsstandes bei Schulabschluss;school_type_id = 3, 8;;Basierend auf Fächerangebot (MAR95, BMV 2009, Kantonale Verordnungen für FMS, HMS/WMS/IMS);aktiv;likert6_tief_hoch
qm_sekII;Stand_vbr;Ausbildungsstand bei Schulabschluss;;Wie schätzen Sie Ihren Ausbildungsstand zum Zeitpunkt %s<school_type_end> aus heutiger Sicht in den von Ihnen belegten Fächern ein?;Volkswirtschaft/Betriebswirtschaft/Recht;Item-Gruppe: Selbsteinschätzung des Ausbildungsstandes bei Schulabschluss;school_type_id = 5;;Basierend auf Fächerangebot (MAR95, BMV 2009, Kantonale Verordnungen für FMS, HMS/WMS/IMS);aktiv;likert6_tief_hoch
qm_sekII;Stand_wug;Ausbildungsstand bei Schulabschluss;;Wie schätzen Sie Ihren Ausbildungsstand zum Zeitpunkt %s<school_type_end> aus heutiger Sicht in den von Ihnen belegten Fächern ein?;Wirtschaft und Gesellschaft;Item-Gruppe: Selbsteinschätzung des Ausbildungsstandes bei Schulabschluss;school_type_id = 5;;Basierend auf Fächerangebot (MAR95, BMV 2009, Kantonale Verordnungen für FMS, HMS/WMS/IMS);aktiv;likert6_tief_hoch
qm_sekII;Stand_wur;Ausbildungsstand bei Schulabschluss;;Wie schätzen Sie Ihren Ausbildungsstand zum Zeitpunkt %s<school_type_end> aus heutiger Sicht in den von Ihnen belegten Fächern ein?;Wirtschaft und Recht;Item-Gruppe: Selbsteinschätzung des Ausbildungsstandes bei Schulabschluss;school_type_id = 1, 3, 4;;Basierend auf Fächerangebot (MAR95, BMV 2009, Kantonale Verordnungen für FMS, HMS/WMS/IMS);aktiv;likert6_tief_hoch
qm_sekII;Stmk_info;Ausbildungsstand bei Schulabschluss;;Wie beurteilen Sie aus heutiger Sicht den Stand Ihrer Methodenkompetenzen am Ende %s<school_type_competence>?;Information aus Medien (Bücher, Internet etc.) entnehmen und zusammenzustellen;Item-Gruppe: Selbsteinschätzung der methodischen Kompetenzen bei Schulabschluss;;;1) SEIS - Selbstevaluation in Schulen, 2) Fragebogen zur Einschätzung überfachlicher Kompetenzen (Helm et al., 2012), 3) Eigenkonstruktion IFES IPES, 4) SEB, IVM;aktiv;likert6_tief_hoch
qm_sekII;Stmk_it;Ausbildungsstand bei Schulabschluss;;Wie beurteilen Sie aus heutiger Sicht den Stand Ihrer Methodenkompetenzen am Ende %s<school_type_competence>?;Umgang mit IT-Anwendungen (Word, Excel, Internet- und E-Mail-Programmen etc.);Item-Gruppe: Selbsteinschätzung der methodischen Kompetenzen bei Schulabschluss;;;Eigenkonstruktion des IVM;aktiv;likert6_tief_hoch
qm_sekII;Stmk_plan;Ausbildungsstand bei Schulabschluss;;Wie beurteilen Sie aus heutiger Sicht den Stand Ihrer Methodenkompetenzen am Ende %s<school_type_competence>?;Zu Beginn überlegen, wie ich am besten etwas lerne oder bearbeite;Item-Gruppe: Selbsteinschätzung der methodischen Kompetenzen bei Schulabschluss;;;1) SEIS - Selbstevaluation in Schulen, 2) Fragebogen zur Einschätzung überfachlicher Kompetenzen (Helm et al., 2012), 3) Eigenkonstruktion IFES IPES, 4) SEB, IVM;aktiv;likert6_tief_hoch
qm_sekII;Stmk_prae;Ausbildungsstand bei Schulabschluss;;Wie beurteilen Sie aus heutiger Sicht den Stand Ihrer Methodenkompetenzen am Ende %s<school_type_competence>?;Arbeitsergebnisse verständlich und überzeugend vortragen;Item-Gruppe: Selbsteinschätzung der methodischen Kompetenzen bei Schulabschluss;;;1) SEIS - Selbstevaluation in Schulen, 2) Fragebogen zur Einschätzung überfachlicher Kompetenzen (Helm et al., 2012), 3) Eigenkonstruktion IFES IPES, 4) SEB, IVM;aktiv;likert6_tief_hoch
qm_sekII;Stmk_strate;Ausbildungsstand bei Schulabschluss;;Wie beurteilen Sie aus heutiger Sicht den Stand Ihrer Methodenkompetenzen am Ende %s<school_type_competence>?;Anwendung verschiedener Strategien zur Problemlösung;Item-Gruppe: Selbsteinschätzung der methodischen Kompetenzen bei Schulabschluss;;;1) SEIS - Selbstevaluation in Schulen, 2) Fragebogen zur Einschätzung überfachlicher Kompetenzen (Helm et al., 2012), 3) Eigenkonstruktion IFES IPES, 4) SEB, IVM;aktiv;likert6_tief_hoch
qm_sekII;Stmk_ueber;Ausbildungsstand bei Schulabschluss;;Wie beurteilen Sie aus heutiger Sicht den Stand Ihrer Methodenkompetenzen am Ende %s<school_type_competence>?;Während des Lernens überprüfen, ob ich es verstanden habe;Item-Gruppe: Selbsteinschätzung der methodischen Kompetenzen bei Schulabschluss;;;1) SEIS - Selbstevaluation in Schulen, 2) Fragebogen zur Einschätzung überfachlicher Kompetenzen (Helm et al., 2012), 3) Eigenkonstruktion IFES IPES, 4) SEB, IVM;aktiv;likert6_tief_hoch
qm_sekII;Stmk_wort;Ausbildungsstand bei Schulabschluss;;Wie beurteilen Sie aus heutiger Sicht den Stand Ihrer Methodenkompetenzen am Ende %s<school_type_competence>?;Gelerntes mit eigenen Worten wiedergeben;Item-Gruppe: Selbsteinschätzung der methodischen Kompetenzen bei Schulabschluss;;;1) SEIS - Selbstevaluation in Schulen, 2) Fragebogen zur Einschätzung überfachlicher Kompetenzen (Helm et al., 2012), 3) Eigenkonstruktion IFES IPES, 4) SEB, IVM;aktiv;likert6_tief_hoch
qm_sekII;Stmk_ziel;Ausbildungsstand bei Schulabschluss;;Wie beurteilen Sie aus heutiger Sicht den Stand Ihrer Methodenkompetenzen am Ende %s<school_type_competence>?;Eigene Lernziele setzen;Item-Gruppe: Selbsteinschätzung der methodischen Kompetenzen bei Schulabschluss;;;1) SEIS - Selbstevaluation in Schulen, 2) Fragebogen zur Einschätzung überfachlicher Kompetenzen (Helm et al., 2012), 3) Eigenkonstruktion IFES IPES, 4) SEB, IVM;aktiv;likert6_tief_hoch
qm_sekII;Stoer_andere;Prozess;Unterricht;Wie erleben Sie das Klima in Ihrer Klasse?;Manche Schülerinnen und Schüler beschäftigen sich häufig mit anderen Dingen, ohne sich viel um den Unterricht zu kümmern.;Skala: Störungen im Unterricht;school_type_id = 1;Mean, Ausschluss wenn Missings >2;Mittelschulerhebung 2004 (Leutwyler & Maag Merki, 2004. Indikatoren zu Kontextmerkmalen gymnasialer Bildung. Perspektive der Schülerinnen und Schüler. Skalen- und Itemdokumentation) (4 von 6 Items), basierend auf BIJU (Baumert et al., 1997. Bildungsverläufe und psychosoziale Entwicklung im Jugendalter (BIJU). Dokumentation (Band 1: Skalen Längsschnitt I, Welle 1-4).) und Linzer Fragebogen zum Schul- und Klassenklima (Eder, 1998. Linzer Fragebogen zum Schul- und Klassenklima für die 8.-13. Klasse (LFSK 8-13));Aktiv;likert6_zutreffen
qm_sekII;Stoer_beginn;Prozess;Unterricht;Wie erleben Sie das Klima in Ihrer Klasse?;Bei uns dauert es zu Beginn der Stunde häufig sehr lange, bis die Schülerinnen und Schüler ruhig werden und zu arbeiten beginnen.;Skala: Störungen im Unterricht;school_type_id = 1;Mean, Ausschluss wenn Missings >2;Mittelschulerhebung 2004 (Leutwyler & Maag Merki, 2004. Indikatoren zu Kontextmerkmalen gymnasialer Bildung. Perspektive der Schülerinnen und Schüler. Skalen- und Itemdokumentation) (4 von 6 Items), basierend auf BIJU (Baumert et al., 1997. Bildungsverläufe und psychosoziale Entwicklung im Jugendalter (BIJU). Dokumentation (Band 1: Skalen Längsschnitt I, Welle 1-4).) und Linzer Fragebogen zum Schul- und Klassenklima (Eder, 1998. Linzer Fragebogen zum Schul- und Klassenklima für die 8.-13. Klasse (LFSK 8-13));Aktiv;likert6_zutreffen
qm_sekII;Stoer_lp;Prozess;Unterricht;Wie erleben Sie das Klima in Ihrer Klasse?;Für unsere Lehrpersonen ist es oft schwierig, im Unterricht die Ruhe aufrecht zu erhalten.;Skala: Störungen im Unterricht;school_type_id = 1;Mean, Ausschluss wenn Missings >2;Mittelschulerhebung 2004 (Leutwyler & Maag Merki, 2004. Indikatoren zu Kontextmerkmalen gymnasialer Bildung. Perspektive der Schülerinnen und Schüler. Skalen- und Itemdokumentation) (4 von 6 Items), basierend auf BIJU (Baumert et al., 1997. Bildungsverläufe und psychosoziale Entwicklung im Jugendalter (BIJU). Dokumentation (Band 1: Skalen Längsschnitt I, Welle 1-4).) und Linzer Fragebogen zum Schul- und Klassenklima (Eder, 1998. Linzer Fragebogen zum Schul- und Klassenklima für die 8.-13. Klasse (LFSK 8-13));Aktiv;likert6_zutreffen
qm_sekII;Stoer_mit;Prozess;Unterricht;Wie erleben Sie das Klima in Ihrer Klasse?;Einige Schülerinnen oder Schüler stören immer wieder den Unterricht, obwohl die anderen im Unterricht mitmachen möchten.;Skala: Störungen im Unterricht;school_type_id = 1;Mean, Ausschluss wenn Missings >2;Mittelschulerhebung 2004 (Leutwyler & Maag Merki, 2004. Indikatoren zu Kontextmerkmalen gymnasialer Bildung. Perspektive der Schülerinnen und Schüler. Skalen- und Itemdokumentation) (4 von 6 Items), basierend auf BIJU (Baumert et al., 1997. Bildungsverläufe und psychosoziale Entwicklung im Jugendalter (BIJU). Dokumentation (Band 1: Skalen Längsschnitt I, Welle 1-4).) und Linzer Fragebogen zum Schul- und Klassenklima (Eder, 1998. Linzer Fragebogen zum Schul- und Klassenklima für die 8.-13. Klasse (LFSK 8-13));Aktiv;likert6_zutreffen
qm_sekII;Stpk_eigen;Ausbildungsstand bei Schulabschluss;;Wie beurteilen Sie aus heutiger Sicht den Stand Ihrer personalen Kompetenzen am Ende %s<school_type_competence>?;Eigenständiges Bearbeiten von Aufgaben;Item-Gruppe: Selbsteinschätzung der personalen Kompetenzen bei Schulabschluss;;;1) SEIS - Selbstevaluation in Schulen, 2) Fragebogen zur Einschätzung überfachlicher Kompetenzen (Helm et al., 2012), 3) Eigenkonstruktion IFES IPES, 4) Ehemaligenbefragung Kanton Zürich;aktiv;likert6_tief_hoch
qm_sekII;Stpk_frag;Ausbildungsstand bei Schulabschluss;;Wie beurteilen Sie aus heutiger Sicht den Stand Ihrer personalen Kompetenzen am Ende %s<school_type_competence>?;Nachfragen, wenn ich etwas nicht verstehe;Item-Gruppe: Selbsteinschätzung der personalen Kompetenzen bei Schulabschluss;;;1) SEIS - Selbstevaluation in Schulen, 2) Fragebogen zur Einschätzung überfachlicher Kompetenzen (Helm et al., 2012), 3) Eigenkonstruktion IFES IPES, 4) Ehemaligenbefragung Kanton Zürich;aktiv;likert6_tief_hoch
qm_sekII;Stpk_idee;Ausbildungsstand bei Schulabschluss;;Wie beurteilen Sie aus heutiger Sicht den Stand Ihrer personalen Kompetenzen am Ende %s<school_type_competence>?;Eigene Ideen umsetzen;Item-Gruppe: Selbsteinschätzung der personalen Kompetenzen bei Schulabschluss;;;1) SEIS - Selbstevaluation in Schulen, 2) Fragebogen zur Einschätzung überfachlicher Kompetenzen (Helm et al., 2012), 3) Eigenkonstruktion IFES IPES, 4) Ehemaligenbefragung Kanton Zürich;aktiv;likert6_tief_hoch
qm_sekII;Stpk_schw;Ausbildungsstand bei Schulabschluss;;Wie beurteilen Sie aus heutiger Sicht den Stand Ihrer personalen Kompetenzen am Ende %s<school_type_competence>?;Kennen meiner eigenen Stärken und Schwächen;Item-Gruppe: Selbsteinschätzung der personalen Kompetenzen bei Schulabschluss;;;1) SEIS - Selbstevaluation in Schulen, 2) Fragebogen zur Einschätzung überfachlicher Kompetenzen (Helm et al., 2012), 3) Eigenkonstruktion IFES IPES, 4) Ehemaligenbefragung Kanton Zürich;aktiv;likert6_tief_hoch
qm_sekII;Stpk_selbt;Ausbildungsstand bei Schulabschluss;;Wie beurteilen Sie aus heutiger Sicht den Stand Ihrer personalen Kompetenzen am Ende %s<school_type_competence>?;Probleme selbstständig lösen;Item-Gruppe: Selbsteinschätzung der personalen Kompetenzen bei Schulabschluss;;;1) SEIS - Selbstevaluation in Schulen, 2) Fragebogen zur Einschätzung überfachlicher Kompetenzen (Helm et al., 2012), 3) Eigenkonstruktion IFES IPES, 4) Ehemaligenbefragung Kanton Zürich;aktiv;likert6_tief_hoch
qm_sekII;Stpk_time;Ausbildungsstand bei Schulabschluss;;Wie beurteilen Sie aus heutiger Sicht den Stand Ihrer personalen Kompetenzen am Ende %s<school_type_competence>?;Rechtzeitiges Fertigstellen von Arbeiten;Item-Gruppe: Selbsteinschätzung der personalen Kompetenzen bei Schulabschluss;;;1) SEIS - Selbstevaluation in Schulen, 2) Fragebogen zur Einschätzung überfachlicher Kompetenzen (Helm et al., 2012), 3) Eigenkonstruktion IFES IPES, 4) Ehemaligenbefragung Kanton Zürich;aktiv;likert6_tief_hoch
qm_sekII;Stpk_urteil;Ausbildungsstand bei Schulabschluss;;Wie beurteilen Sie aus heutiger Sicht den Stand Ihrer personalen Kompetenzen am Ende %s<school_type_competence>?;Eigenständig urteilen;Item-Gruppe: Selbsteinschätzung der personalen Kompetenzen bei Schulabschluss;;;1) SEIS - Selbstevaluation in Schulen, 2) Fragebogen zur Einschätzung überfachlicher Kompetenzen (Helm et al., 2012), 3) Eigenkonstruktion IFES IPES, 4) Ehemaligenbefragung Kanton Zürich;aktiv;likert6_tief_hoch
qm_sekII;Stsk_achte;Ausbildungsstand bei Schulabschluss;;Wie beurteilen Sie aus heutiger Sicht den Stand Ihrer sozialen Kompetenzen am Ende %s<school_type_competence>?;Toleranz gegenüber anderen Werten und Lebensweisen;Item-Gruppe: Selbsteinschätzung der sozialen Kompetenzen bei Schulabschluss;;;1) SEIS - Selbstevaluation in Schulen, 2) Fragebogen zur Einschätzung überfachlicher Kompetenzen (Helm et al., 2012), 3) Eigenkonstrukt IFES (aus SEB);aktiv;likert6_tief_hoch
qm_sekII;Stsk_gruppe;Ausbildungsstand bei Schulabschluss;;Wie beurteilen Sie aus heutiger Sicht den Stand Ihrer sozialen Kompetenzen am Ende %s<school_type_competence>?;Verantwortung übernehmen in Gruppen;Item-Gruppe: Selbsteinschätzung der sozialen Kompetenzen bei Schulabschluss;;;1) SEIS - Selbstevaluation in Schulen, 2) Fragebogen zur Einschätzung überfachlicher Kompetenzen (Helm et al., 2012), 3) Eigenkonstrukt IFES (aus SEB);aktiv;likert6_tief_hoch
qm_sekII;Stsk_konfl;Ausbildungsstand bei Schulabschluss;;Wie beurteilen Sie aus heutiger Sicht den Stand Ihrer sozialen Kompetenzen am Ende %s<school_type_competence>?;Umgang mit Konflikten;Item-Gruppe: Selbsteinschätzung der sozialen Kompetenzen bei Schulabschluss;;;1) SEIS - Selbstevaluation in Schulen, 2) Fragebogen zur Einschätzung überfachlicher Kompetenzen (Helm et al., 2012), 3) Eigenkonstrukt IFES (aus SEB);aktiv;likert6_tief_hoch
qm_sekII;Stsk_kritik;Ausbildungsstand bei Schulabschluss;;Wie beurteilen Sie aus heutiger Sicht den Stand Ihrer sozialen Kompetenzen am Ende %s<school_type_competence>?;Umgang mit Kritik und Verbesserungsvorschlägen;Item-Gruppe: Selbsteinschätzung der sozialen Kompetenzen bei Schulabschluss;;;1) SEIS - Selbstevaluation in Schulen, 2) Fragebogen zur Einschätzung überfachlicher Kompetenzen (Helm et al., 2012), 3) Eigenkonstrukt IFES (aus SEB);aktiv;likert6_tief_hoch
qm_sekII;Stsk_rueck;Ausbildungsstand bei Schulabschluss;;Wie beurteilen Sie aus heutiger Sicht den Stand Ihrer sozialen Kompetenzen am Ende %s<school_type_competence>?;Rücksicht nehmen auf andere;Item-Gruppe: Selbsteinschätzung der sozialen Kompetenzen bei Schulabschluss;;;1) SEIS - Selbstevaluation in Schulen, 2) Fragebogen zur Einschätzung überfachlicher Kompetenzen (Helm et al., 2012), 3) Eigenkonstrukt IFES (aus SEB);aktiv;likert6_tief_hoch
qm_sekII;Stsk_zusamm;Ausbildungsstand bei Schulabschluss;;Wie beurteilen Sie aus heutiger Sicht den Stand Ihrer sozialen Kompetenzen am Ende %s<school_type_competence>?;Zusammenarbeit mit anderen;Item-Gruppe: Selbsteinschätzung der sozialen Kompetenzen bei Schulabschluss;;;1) SEIS - Selbstevaluation in Schulen, 2) Fragebogen zur Einschätzung überfachlicher Kompetenzen (Helm et al., 2012), 3) Eigenkonstrukt IFES (aus SEB);aktiv;likert6_tief_hoch
qm_sekII;Sw_fert;Output/Outcome;Überfachliche Kompetenzen;Wie beurteilen Sie Ihr eigenes Lernverhalten?;Ich bin überzeugt, dass ich die Fertigkeiten, die gelehrt werden, beherrschen kann.;Skala: Selbstwirksamkeitserwartung;school_type_id = 1;Mean, Ausschluss wenn Missings >1;PISA 2000 (Kunter, M. et al., 2002, S.117. PISA 2000 - Dokumentation der Erhebungsinstrumente) (3 von 4 Items);Aktiv;likert6_zutreffen
qm_sekII;Sw_kompl;Output/Outcome;Überfachliche Kompetenzen;Wie beurteilen Sie Ihr eigenes Lernverhalten?;Ich bin überzeugt, dass ich auch den kompliziertesten Stoff, den die Lehrperson vorstellt, verstehen kann.;Skala: Selbstwirksamkeitserwartung;school_type_id = 1;Mean, Ausschluss wenn Missings >1;PISA 2000 (Kunter, M. et al., 2002, S.117. PISA 2000 - Dokumentation der Erhebungsinstrumente) (3 von 4 Items);Aktiv;likert6_zutreffen
qm_sekII;Sw_leist;Output/Outcome;Überfachliche Kompetenzen;Wie beurteilen Sie Ihr eigenes Lernverhalten?;Ich bin überzeugt, dass ich in Hausaufgaben und Prüfungen gute Leistungen erzielen kann.;Skala: Selbstwirksamkeitserwartung;school_type_id = 1;Mean, Ausschluss wenn Missings >1;PISA 2000 (Kunter, M. et al., 2002, S.117. PISA 2000 - Dokumentation der Erhebungsinstrumente) (3 von 4 Items);Aktiv;likert6_zutreffen
qm_sekII;Taetigkeit;Werdegang;;Was ist zurzeit Ihre Haupttätigkeit?,;;Einzelitem: Momentane Haupttätigkeit;;;Bildungssystem Schweiz;aktiv;taetigkeit
qm_sekII;Tgrund_and;Werdegang;;Wieso haben Sie sich für Ihre jetzige Tätigkeit/Ausbildung entschieden? (Mehrfachnennungen möglich),;Andere Gründe;Item-Gruppe: Gründe für Wahl der Tätigkeit;;;Eigenkonstruktion des IVM;aktiv;kreuz
qm_sekII;Tgrund_aus;Werdegang;;Wieso haben Sie sich für Ihre jetzige Tätigkeit/Ausbildung entschieden? (Mehrfachnennungen möglich),;Voraussetzung für eine zukünftige Ausbildung;Item-Gruppe: Gründe für Wahl der Tätigkeit;;;Eigenkonstruktion des IVM;aktiv;kreuz
qm_sekII;Tgrund_auss;Werdegang;;Wieso haben Sie sich für Ihre jetzige Tätigkeit/Ausbildung entschieden? (Mehrfachnennungen möglich),;Stellenaussichten später;Item-Gruppe: Gründe für Wahl der Tätigkeit;;;Eigenkonstruktion des IVM;aktiv;kreuz
qm_sekII;Tgrund_bb;Werdegang;;Wieso haben Sie sich für Ihre jetzige Tätigkeit/Ausbildung entschieden? (Mehrfachnennungen möglich),;Empfehlung durch Studien- und Berufsberatung;Item-Gruppe: Gründe für Wahl der Tätigkeit;;;Eigenkonstruktion des IVM;aktiv;kreuz
qm_sekII;Tgrund_bega;Werdegang;;Wieso haben Sie sich für Ihre jetzige Tätigkeit/Ausbildung entschieden? (Mehrfachnennungen möglich),;Eigene Begabungen;Item-Gruppe: Gründe für Wahl der Tätigkeit;;;Eigenkonstruktion des IVM;aktiv;kreuz
qm_sekII;Tgrund_elt;Werdegang;;Wieso haben Sie sich für Ihre jetzige Tätigkeit/Ausbildung entschieden? (Mehrfachnennungen möglich),;Empfehlung von Eltern/Familie;Item-Gruppe: Gründe für Wahl der Tätigkeit;;;Eigenkonstruktion des IVM;aktiv;kreuz
qm_sekII;Tgrund_fbe;Werdegang;;Wieso haben Sie sich für Ihre jetzige Tätigkeit/Ausbildung entschieden? (Mehrfachnennungen möglich),;Übernahme eines Familienbetriebs;Item-Gruppe: Gründe für Wahl der Tätigkeit;;;Eigenkonstruktion des IVM;aktiv;kreuz
qm_sekII;Tgrund_freud;Werdegang;;Wieso haben Sie sich für Ihre jetzige Tätigkeit/Ausbildung entschieden? (Mehrfachnennungen möglich),;Interesse/Freude am Beruf;Item-Gruppe: Gründe für Wahl der Tätigkeit;;;Eigenkonstruktion des IVM;aktiv;kreuz
qm_sekII;Tgrund_geld;Werdegang;;Wieso haben Sie sich für Ihre jetzige Tätigkeit/Ausbildung entschieden? (Mehrfachnennungen möglich),;Wollte jetzt Geld verdienen;Item-Gruppe: Gründe für Wahl der Tätigkeit;;;Eigenkonstruktion des IVM;aktiv;kreuz
qm_sekII;Tgrund_gesel;Werdegang;;Wieso haben Sie sich für Ihre jetzige Tätigkeit/Ausbildung entschieden? (Mehrfachnennungen möglich),;Gesellschaftliche Anerkennung;Item-Gruppe: Gründe für Wahl der Tätigkeit;;;Eigenkonstruktion des IVM;aktiv;kreuz
qm_sekII;Tgrund_kol;Werdegang;;Wieso haben Sie sich für Ihre jetzige Tätigkeit/Ausbildung entschieden? (Mehrfachnennungen möglich),;Empfehlung von Kolleginnen/Kollegen;Item-Gruppe: Gründe für Wahl der Tätigkeit;;;Eigenkonstruktion des IVM;aktiv;kreuz
qm_sekII;Tgrund_lohn;Werdegang;;Wieso haben Sie sich für Ihre jetzige Tätigkeit/Ausbildung entschieden? (Mehrfachnennungen möglich),;Gute Verdienstmöglichkeiten;Item-Gruppe: Gründe für Wahl der Tätigkeit;;;Eigenkonstruktion des IVM;aktiv;kreuz
qm_sekII;Tgrund_prak;Werdegang;;Wieso haben Sie sich für Ihre jetzige Tätigkeit/Ausbildung entschieden? (Mehrfachnennungen möglich),;Habe praktische Ausbildung/Tätigkeit einem Studium vorgezogen;Item-Gruppe: Gründe für Wahl der Tätigkeit;;;Eigenkonstruktion des IVM;aktiv;kreuz
qm_sekII;Tgrund_schu;Werdegang;;Wieso haben Sie sich für Ihre jetzige Tätigkeit/Ausbildung entschieden? (Mehrfachnennungen möglich),;Einfluss des Gymnasiums / der Berufsfachschule / der Berufsmittelschule / der Fachmittelschule / der Handels-, Wirtschaft- oder Informatikmittelschule und seiner Lehrpersonen;Item-Gruppe: Gründe für Wahl der Tätigkeit;;;Eigenkonstruktion des IVM;aktiv;kreuz
qm_sekII;Tgrund_trau;Werdegang;;Wieso haben Sie sich für Ihre jetzige Tätigkeit/Ausbildung entschieden? (Mehrfachnennungen möglich),;Habe mir ein Studium nicht zugetraut;Item-Gruppe: Gründe für Wahl der Tätigkeit;;;Eigenkonstruktion des IVM;aktiv;kreuz
qm_sekII;Tgrund_wert;Werdegang;;Wieso haben Sie sich für Ihre jetzige Tätigkeit/Ausbildung entschieden? (Mehrfachnennungen möglich),;Persönliche Wertvorstellungen;Item-Gruppe: Gründe für Wahl der Tätigkeit;;;Eigenkonstruktion des IVM;aktiv;kreuz
qm_sekII;Ueberford;Input;Individuelle Eingangsvoraussetzungen der Schülerinnen und Schüler;Fühlen Sie sich in der Schule angemessen gefordert?,;;Einzelitem: Über-/Unterforderung;school_type_id = 1;;Eigenkonstruktion des IVM;aktiv;ueberford
qm_sekII;Uni_and;Werdegang;;In welchen Fachbereich fällt Ihr Hauptstudienfach? (Mehrfachnennungen möglich, sofern mehrere Fächer als Hauptstudienfächer gelten),;Andere, oben nicht genannte Fachrichtung,;Item-Gruppe: Studienfach Universität/ETH;Taetigkeit = 1;;Eigenkonstruktion des IVM, basierend auf Fächerkanon der Universitäten / ETH;aktiv;kreuz
qm_sekII;Uni_bau;Werdegang;;In welchen Fachbereich fällt Ihr Hauptstudienfach? (Mehrfachnennungen möglich, sofern mehrere Fächer als Hauptstudienfächer gelten),;«Harte» Ingenieurwissenschaften wie Bau-, Elektro-, Kommunikationstechnik, Informatik, Maschinenbau, Materialwissenschaft, Architektur;Item-Gruppe: Studienfach Universität/ETH;Taetigkeit = 1;;Eigenkonstruktion des IVM, basierend auf Fächerkanon der Universitäten / ETH;aktiv;kreuz
qm_sekII;Uni_forst;Werdegang;;In welchen Fachbereich fällt Ihr Hauptstudienfach? (Mehrfachnennungen möglich, sofern mehrere Fächer als Hauptstudienfächer gelten),;«Grüne» Ingenieurwissenschaften wie Agronomie, Forstwirtschaft, Lebensmitteltechnologie, Umweltwissenschaften;Item-Gruppe: Studienfach Universität/ETH;Taetigkeit = 1;;Eigenkonstruktion des IVM, basierend auf Fächerkanon der Universitäten / ETH;aktiv;kreuz
qm_sekII;Uni_geo;Werdegang;;In welchen Fachbereich fällt Ihr Hauptstudienfach? (Mehrfachnennungen möglich, sofern mehrere Fächer als Hauptstudienfächer gelten),;Geographie, Geologie, Geowissenschaften;Item-Gruppe: Studienfach Universität/ETH;Taetigkeit = 1;;Eigenkonstruktion des IVM, basierend auf Fächerkanon der Universitäten / ETH;aktiv;kreuz
qm_sekII;Uni_hist;Werdegang;;In welchen Fachbereich fällt Ihr Hauptstudienfach? (Mehrfachnennungen möglich, sofern mehrere Fächer als Hauptstudienfächer gelten),;Geschichte (z.B. Ältere oder Neuere Geschichte);Item-Gruppe: Studienfach Universität/ETH;Taetigkeit = 1;;Eigenkonstruktion des IVM, basierend auf Fächerkanon der Universitäten / ETH;aktiv;kreuz
qm_sekII;Uni_jus;Werdegang;;In welchen Fachbereich fällt Ihr Hauptstudienfach? (Mehrfachnennungen möglich, sofern mehrere Fächer als Hauptstudienfächer gelten),;Rechtswissenschaften;Item-Gruppe: Studienfach Universität/ETH;Taetigkeit = 1;;Eigenkonstruktion des IVM, basierend auf Fächerkanon der Universitäten / ETH;aktiv;kreuz
qm_sekII;Uni_kunst;Werdegang;;In welchen Fachbereich fällt Ihr Hauptstudienfach? (Mehrfachnennungen möglich, sofern mehrere Fächer als Hauptstudienfächer gelten),;Kunstausbildung wie Bildende Kunst, Musik, Film;Item-Gruppe: Studienfach Universität/ETH;Taetigkeit = 1;;Eigenkonstruktion des IVM, basierend auf Fächerkanon der Universitäten / ETH;aktiv;kreuz
qm_sekII;Uni_ling;Werdegang;;In welchen Fachbereich fällt Ihr Hauptstudienfach? (Mehrfachnennungen möglich, sofern mehrere Fächer als Hauptstudienfächer gelten),;Sprach- und Literaturwissenschaften wie Germanistik, Romanistik, Anglistik, Slawistik;Item-Gruppe: Studienfach Universität/ETH;Taetigkeit = 1;;Eigenkonstruktion des IVM, basierend auf Fächerkanon der Universitäten / ETH;aktiv;kreuz
qm_sekII;Uni_math;Werdegang;;In welchen Fachbereich fällt Ihr Hauptstudienfach? (Mehrfachnennungen möglich, sofern mehrere Fächer als Hauptstudienfächer gelten),;Mathematik, Mathematische Statistik;Item-Gruppe: Studienfach Universität/ETH;Taetigkeit = 1;;Eigenkonstruktion des IVM, basierend auf Fächerkanon der Universitäten / ETH;aktiv;kreuz
qm_sekII;Uni_med;Werdegang;;In welchen Fachbereich fällt Ihr Hauptstudienfach? (Mehrfachnennungen möglich, sofern mehrere Fächer als Hauptstudienfächer gelten),;Medizin (Human-, Zahn-, Veterinärmedizin);Item-Gruppe: Studienfach Universität/ETH;Taetigkeit = 1;;Eigenkonstruktion des IVM, basierend auf Fächerkanon der Universitäten / ETH;aktiv;kreuz
qm_sekII;Uni_musik;Werdegang;;In welchen Fachbereich fällt Ihr Hauptstudienfach? (Mehrfachnennungen möglich, sofern mehrere Fächer als Hauptstudienfächer gelten),;Musikwissenschaft, Kunstgeschichte;Item-Gruppe: Studienfach Universität/ETH;Taetigkeit = 1;;Eigenkonstruktion des IVM, basierend auf Fächerkanon der Universitäten / ETH;aktiv;kreuz
qm_sekII;Uni_nat;Werdegang;;In welchen Fachbereich fällt Ihr Hauptstudienfach? (Mehrfachnennungen möglich, sofern mehrere Fächer als Hauptstudienfächer gelten),;Naturwissenschaften wie Chemie, Physik, Biologie;Item-Gruppe: Studienfach Universität/ETH;Taetigkeit = 1;;Eigenkonstruktion des IVM, basierend auf Fächerkanon der Universitäten / ETH;aktiv;kreuz
qm_sekII;Uni_phar;Werdegang;;In welchen Fachbereich fällt Ihr Hauptstudienfach? (Mehrfachnennungen möglich, sofern mehrere Fächer als Hauptstudienfächer gelten),;Pharmazie;Item-Gruppe: Studienfach Universität/ETH;Taetigkeit = 1;;Eigenkonstruktion des IVM, basierend auf Fächerkanon der Universitäten / ETH;aktiv;kreuz
qm_sekII;Uni_soz;Werdegang;;In welchen Fachbereich fällt Ihr Hauptstudienfach? (Mehrfachnennungen möglich, sofern mehrere Fächer als Hauptstudienfächer gelten),;Sozialwissenschaften wie Psychologie, Pädagogik, Soziologie, Politologie, Ethnologie, Medien- und Kommunikationswissenschaft, Internationale Beziehungen;Item-Gruppe: Studienfach Universität/ETH;Taetigkeit = 1;;Eigenkonstruktion des IVM, basierend auf Fächerkanon der Universitäten / ETH;aktiv;kreuz
qm_sekII;Uni_sport;Werdegang;;In welchen Fachbereich fällt Ihr Hauptstudienfach? (Mehrfachnennungen möglich, sofern mehrere Fächer als Hauptstudienfächer gelten),;Sport- und Bewegungswissenschaften;Item-Gruppe: Studienfach Universität/ETH;Taetigkeit = 1;;Eigenkonstruktion des IVM, basierend auf Fächerkanon der Universitäten / ETH;aktiv;kreuz
qm_sekII;Uni_theo;Werdegang;;In welchen Fachbereich fällt Ihr Hauptstudienfach? (Mehrfachnennungen möglich, sofern mehrere Fächer als Hauptstudienfächer gelten),;Theologie, Religionswissenschaften, Philosophie;Item-Gruppe: Studienfach Universität/ETH;Taetigkeit = 1;;Eigenkonstruktion des IVM, basierend auf Fächerkanon der Universitäten / ETH;aktiv;kreuz
qm_sekII;Uni_wirt;Werdegang;;In welchen Fachbereich fällt Ihr Hauptstudienfach? (Mehrfachnennungen möglich, sofern mehrere Fächer als Hauptstudienfächer gelten),;Wirtschaftswissenschaften;Item-Gruppe: Studienfach Universität/ETH;Taetigkeit = 1;;Eigenkonstruktion des IVM, basierend auf Fächerkanon der Universitäten / ETH;aktiv;kreuz
qm_sekII;Unt_fort;Input;Lehrpersonenexpertise;Werden Sie von Ihren Lehrpersonen beim Lernen unterstützt?;Unsere Lehrpersonen interessieren sich für den Lernfortschritt jedes einzelnen Schülers / jeder einzelnen Schülerin.;Skala: Unterstützung durch die Lehrpersonen;school_type_id = 1;Mean, Ausschluss wenn Missings >1;PISA 2000 (Kunter, M. et al., 2002, S.117. PISA 2000 - Dokumentation der Erhebungsinstrumente) (3 von 6 Items);Aktiv;likert6_lehrp
qm_sekII;Unt_fort_a;Prozess;Unterricht;Werden Sie von Ihren Lehrpersonen beim Lernen unterstützt?;Meine Lehrpersonen interessieren sich für meinen Lernfortschritt.;Skala: Unterstützung durch die Lehrpersonen;school_type_id = 3, 8;Mean, Ausschluss wenn Missings >1;PISA 2000 (Kunter, M. et al., 2002, S.117. PISA 2000 - Dokumentation der Erhebungsinstrumente) (3 von 6 Items);aktiv;likert6_lehrp
qm_sekII;Unt_helfen;Input;Lehrpersonenexpertise;Werden Sie von Ihren Lehrpersonen beim Lernen unterstützt?;Unsere Lehrpersonen tun viel, um uns zu helfen.;Skala: Unterstützung durch die Lehrpersonen;school_type_id = 1;Mean, Ausschluss wenn Missings >1;PISA 2000 (Kunter, M. et al., 2002, S.117. PISA 2000 - Dokumentation der Erhebungsinstrumente) (3 von 6 Items);Aktiv;likert6_lehrp
qm_sekII;Unt_helfen_a;Prozess;Unterricht;Werden Sie von Ihren Lehrpersonen beim Lernen unterstützt?;Meine Lehrpersonen helfen mir, wenn ich etwas nicht verstehe.;Skala: Unterstützung durch die Lehrpersonen;school_type_id = 3, 8, 9;Mean, Ausschluss wenn Missings >1;PISA 2000 (Kunter, M. et al., 2002, S.117. PISA 2000 - Dokumentation der Erhebungsinstrumente) (3 von 6 Items);aktiv;likert6_lehrp
qm_sekII;Unt_lernen;Input;Lehrpersonenexpertise;Werden Sie von Ihren Lehrpersonen beim Lernen unterstützt?;Unsere Lehrpersonen unterstützen uns beim Lernen.;Skala: Unterstützung durch die Lehrpersonen;school_type_id = 1;Mean, Ausschluss wenn Missings >1;PISA 2000 (Kunter, M. et al., 2002, S.117. PISA 2000 - Dokumentation der Erhebungsinstrumente) (3 von 6 Items);Aktiv;likert6_lehrp
qm_sekII;Unt_lernen_a;Prozess;Unterricht;Werden Sie von Ihren Lehrpersonen beim Lernen unterstützt?;Meine Lehrpersonen unterstützen mich beim Lernen (z. B. dabei, wie man etwas lernt oder wo man Informationen bekommt).;Skala: Unterstützung durch die Lehrpersonen;school_type_id = 3, 8;Mean, Ausschluss wenn Missings >1;PISA 2000 (Kunter, M. et al., 2002, S.117. PISA 2000 - Dokumentation der Erhebungsinstrumente) (3 von 6 Items);aktiv;likert6_lehrp
qm_sekII;Untersprach;;;;;;;;;Item erhoben bis 2016;
qm_sekII;Vorb_fach;Ihre Ausbildung;;Wie gut hat Sie %s<school_type_nominativ> auf Ihre jetzige Ausbildung/Tätigkeit vorbereitet;In fachlicher Hinsicht;Item-Gruppe: Vorbereitung auf jetzige Ausbildung/Tätigkeit;;;Eigenkonstruktion IVM;aktiv;likert6_schlecht_gut
qm_sekII;Vorb_pers;Ihre Ausbildung;;Wie gut hat Sie %s<school_type_nominativ> auf Ihre jetzige Ausbildung/Tätigkeit vorbereitet;In persönlichkeitsbildender Hinsicht;Item-Gruppe: Vorbereitung auf jetzige Ausbildung/Tätigkeit;;;Eigenkonstruktion IVM;aktiv;likert6_schlecht_gut
qm_sekII;Vorb_selbst;Ihre Ausbildung;;Wie gut hat Sie %s<school_type_nominativ> auf Ihre jetzige Ausbildung/Tätigkeit vorbereitet;In Bezug auf selbstständiges Arbeiten;Item-Gruppe: Vorbereitung auf jetzige Ausbildung/Tätigkeit;;;Eigenkonstruktion IVM;aktiv;likert6_schlecht_gut
qm_sekII;Wert_auss;Output/Outcome;Wert für die Zukunft;%s<title_p15_g1>;Ich kann das in der Schule Gelernte auch ausserhalb der Schule nutzen.;Item-Gruppe: Wert für die Zukunft, Vorbereitung auf Beruf, weiterführende Schulen bzw. Studium;;;1) Ehemaligenbefragung des Kantons Zürich (Statistisches Amt des Kantons Zürich, 2009), 2) EVAMAR (Befragung Abschlussklassen. Bern: Amt für Bildungsforschung);aktiv;likert6_zutreffen
qm_sekII;Wert_ber_a;Output/Outcome;Wert für die Zukunft;%s<title_p15_g1>;Ich kann das Gelernte in meinem beruflichen Alltag nutzen.;Item-Gruppe: Wert für die Zukunft, Vorbereitung auf Beruf, weiterführende Schulen bzw. Studium;school_type_id = 3, 8;;1) Ehemaligenbefragung des Kantons Zürich (Statistisches Amt des Kantons Zürich, 2009), 2) EVAMAR (Befragung Abschlussklassen. Bern: Amt für Bildungsforschung), 3) Eigenkonstruktion IFES IPES;aktiv;likert6_zutreffen
qm_sekII;Wert_ber_b;Output/Outcome;Wert für die Zukunft;%s<title_p15_g1>;Ich kann das Gelernte bei der Arbeit nutzen.;Item-Gruppe: Wert für die Zukunft, Vorbereitung auf Beruf, weiterführende Schulen bzw. Studium;school_type_id = 9;;1) Ehemaligenbefragung des Kantons Zürich (Statistisches Amt des Kantons Zürich, 2009), 2) EVAMAR (Befragung Abschlussklassen. Bern: Amt für Bildungsforschung), 3) Eigenkonstruktion IFES IPES;aktiv;likert6_zutreffen
qm_sekII;Wert_fach_a;Output/Outcome;Wert für die Zukunft;%s<title_p15_g1>;Ich fühle mich [span=underline]fachlich[/span] gut auf meine berufliche Zukunft vorbereitet.;Item-Gruppe: Wert für die Zukunft, Vorbereitung auf Beruf, weiterführende Schulen bzw. Studium;school_type_id = 8;;1) Ehemaligenbefragung des Kantons Zürich (Statistisches Amt des Kantons Zürich, 2009), 2) EVAMAR (Befragung Abschlussklassen. Bern: Amt für Bildungsforschung), 3) Eigenkonstruktion IFES IPES;aktiv;likert6_zutreffen
qm_sekII;Wert_fachbfs;;;;;;;;;Item erhoben bis 2016;
qm_sekII;Wert_fachgym;Output/Outcome;Wert für die Zukunft;%s<title_p15_g1>;Ich fühle mich mit dem Abschluss an dieser Schule [span=underline]in fachlicher Hinsicht gut vorbereitet[/span] auf ein / mein zukünftiges Studium.;Item-Gruppe: Wert für die Zukunft, Vorbereitung auf Beruf, weiterführende Schulen bzw. Studium;school_type_id = 1;;1) Ehemaligenbefragung des Kantons Zürich (Statistisches Amt des Kantons Zürich, 2009), 2) EVAMAR (Befragung Abschlussklassen. Bern: Amt für Bildungsforschung);aktiv;likert6_zutreffen
qm_sekII;Wert_fachmit;Output/Outcome;Wert für die Zukunft;%s<title_p15_g1>;Ich fühle mich mit dem Abschluss an dieser Schule [span=underline]in fachlicher Hinsicht gut vorbereitet[/span] auf meine zukünftige berufliche Tätigkeit, mein zukünftiges Studium oder allfällige weiterführende Schulen.;Item-Gruppe: Wert für die Zukunft, Vorbereitung auf Beruf, weiterführende Schulen bzw. Studium;school_type_id = 3, 4, 5;;1) Ehemaligenbefragung des Kantons Zürich (Statistisches Amt des Kantons Zürich, 2009), 2) EVAMAR (Befragung Abschlussklassen. Bern: Amt für Bildungsforschung);aktiv;likert6_zutreffen
qm_sekII;Wert_ins_a;Output/Outcome;Wert für die Zukunft;%s<title_p15_g1>;Ich fühle mich [span=underline]insgesamt[/span] gut auf meine berufliche Zukunft vorbereitet.;Item-Gruppe: Wert für die Zukunft, Vorbereitung auf Beruf, weiterführende Schulen bzw. Studium;school_type_id = 8, 9;;1) Ehemaligenbefragung des Kantons Zürich (Statistisches Amt des Kantons Zürich, 2009), 2) EVAMAR (Befragung Abschlussklassen. Bern: Amt für Bildungsforschung), 3) Eigenkonstruktion IFES IPES;aktiv;likert6_zutreffen
qm_sekII;Wert_insbfs;;;;;;;;;Item erhoben bis 2016;
qm_sekII;Wert_insgym;Output/Outcome;Wert für die Zukunft;%s<title_p15_g1>;Ich fühle mich mit dem Abschluss an dieser Schule [span=underline]insgesamt gut vorbereitet[/span] auf ein / mein zukünftiges Studium.;Item-Gruppe: Wert für die Zukunft, Vorbereitung auf Beruf, weiterführende Schulen bzw. Studium;school_type_id = 1;;1) Ehemaligenbefragung des Kantons Zürich (Statistisches Amt des Kantons Zürich, 2009), 2) EVAMAR (Befragung Abschlussklassen. Bern: Amt für Bildungsforschung);aktiv;likert6_zutreffen
qm_sekII;Wert_insmit;Output/Outcome;Wert für die Zukunft;%s<title_p15_g1>;Ich fühle mich mit dem Abschluss an dieser Schule [span=underline]insgesamt gut vorbereitet[/span] auf meine zukünftige berufliche Tätigkeit, mein zukünftiges Studium oder allfällige weiterführende Schulen.;Item-Gruppe: Wert für die Zukunft, Vorbereitung auf Beruf, weiterführende Schulen bzw. Studium;school_type_id = 3, 4, 5;;1) Ehemaligenbefragung des Kantons Zürich (Statistisches Amt des Kantons Zürich, 2009), 2) EVAMAR (Befragung Abschlussklassen. Bern: Amt für Bildungsforschung);aktiv;likert6_zutreffen
qm_sekII;Wert_matur;Output/Outcome;Wert für die Zukunft;%s<title_p15_g1>;Ich glaube, dass der Matura-Abschluss mir eine genügend breite Basis für ein Hochschulstudium in allen Fachrichtungen bietet.;Item-Gruppe: Wert für die Zukunft, Vorbereitung auf Beruf, weiterführende Schulen bzw. Studium;school_type_id = 1;;1) Ehemaligenbefragung des Kantons Zürich (Statistisches Amt des Kantons Zürich, 2009), 2) EVAMAR (Befragung Abschlussklassen. Bern: Amt für Bildungsforschung);aktiv;likert6_zutreffen
qm_sekII;Wert_per_a;Output/Outcome;Wert für die Zukunft;%s<title_p15_g1>;Ich fühle mich [span=underline]als Person[/span] gut auf meine berufliche Zukunft vorbereitet.;Item-Gruppe: Wert für die Zukunft, Vorbereitung auf Beruf, weiterführende Schulen bzw. Studium;school_type_id = 8;;1) Ehemaligenbefragung des Kantons Zürich (Statistisches Amt des Kantons Zürich, 2009), 2) EVAMAR (Befragung Abschlussklassen. Bern: Amt für Bildungsforschung), 3) Eigenkonstruktion IFES IPES;aktiv;likert6_zutreffen
qm_sekII;Wert_perbfs;;;;;;;;;Item erhoben bis 2016;
qm_sekII;Wert_pergym;Output/Outcome;Wert für die Zukunft;%s<title_p15_g1>;Ich fühle mich mit dem Abschluss an dieser Schule [span=underline]in persönlichkeitsbildender Hinsicht gut vorbereitet[/span] auf ein / mein zukünftiges Studium.;Item-Gruppe: Wert für die Zukunft, Vorbereitung auf Beruf, weiterführende Schulen bzw. Studium;school_type_id = 1;;1) Ehemaligenbefragung des Kantons Zürich (Statistisches Amt des Kantons Zürich, 2009), 2) EVAMAR (Befragung Abschlussklassen. Bern: Amt für Bildungsforschung);aktiv;likert6_zutreffen
qm_sekII;Wert_permit;Output/Outcome;Wert für die Zukunft;%s<title_p15_g1>;Ich fühle mich mit dem Abschluss an dieser Schule [span=underline]in persönlichkeitsbildender Hinsicht gut vorbereitet[/span] auf meine zukünftige berufliche Tätigkeit, mein zukünftiges Studium oder allfällige weiterführende Schulen.;Item-Gruppe: Wert für die Zukunft, Vorbereitung auf Beruf, weiterführende Schulen bzw. Studium;school_type_id = 3, 4, 5;;1) Ehemaligenbefragung des Kantons Zürich (Statistisches Amt des Kantons Zürich, 2009), 2) EVAMAR (Befragung Abschlussklassen. Bern: Amt für Bildungsforschung);aktiv;likert6_zutreffen
qm_sekII;Wert_wb_a;Output/Outcome;Wert für die Zukunft;%s<title_p15_g1>;Ich fühle mich insgesamt gut auf weiterführende Schulen und Weiterbildungen vorbereitet.;Item-Gruppe: Wert für die Zukunft, Vorbereitung auf Beruf, weiterführende Schulen bzw. Studium;school_type_id = 8, 9;;1) Ehemaligenbefragung des Kantons Zürich (Statistisches Amt des Kantons Zürich, 2009), 2) EVAMAR (Befragung Abschlussklassen. Bern: Amt für Bildungsforschung), 3) Eigenkonstruktion IFES IPES;aktiv;likert6_zutreffen
qm_sekII;Wicht_abu;Ausbildungsstand bei Schulabschluss;;Wie schätzen Sie aus heutiger Sicht die Wichtigkeit der folgenden fachlichen Kompetenzen für Ihre jetzige Ausbildung/Tätigkeit ein?;Allgemeinbildende Fächer;Item-Gruppe: Wichtigkeit der fachlichen Kompetenz für jetzige Ausbildung/Tätigkeit;school_type_id = 3, 8;;Basierend auf Fächerangebot (MAR95, BMV 2009, Kantonale Verordnungen für FMS, HMS/WMS/IMS);aktiv;likert6_wichtigkeit
qm_sekII;Wicht_am;Ausbildungsstand bei Schulabschluss;;Wie schätzen Sie aus heutiger Sicht die Wichtigkeit der folgenden fachlichen Kompetenzen für Ihre jetzige Ausbildung/Tätigkeit ein?;Anwendungen der Mathematik;Item-Gruppe: Wichtigkeit der fachlichen Kompetenz für jetzige Ausbildung/Tätigkeit;school_type_id = 1;;Basierend auf Fächerangebot (MAR95, BMV 2009, Kantonale Verordnungen für FMS, HMS/WMS/IMS);aktiv;likert6_wichtigkeit
qm_sekII;Wicht_bg;Ausbildungsstand bei Schulabschluss;;Wie schätzen Sie aus heutiger Sicht die Wichtigkeit der folgenden fachlichen Kompetenzen für Ihre jetzige Ausbildung/Tätigkeit ein?;Bildnerisches Gestalten / Gestaltung;Item-Gruppe: Wichtigkeit der fachlichen Kompetenz für jetzige Ausbildung/Tätigkeit;school_type_id = 1, 4;;Basierend auf Fächerangebot (MAR95, BMV 2009, Kantonale Verordnungen für FMS, HMS/WMS/IMS);aktiv;likert6_wichtigkeit
qm_sekII;Wicht_biche;Ausbildungsstand bei Schulabschluss;;Wie schätzen Sie aus heutiger Sicht die Wichtigkeit der folgenden fachlichen Kompetenzen für Ihre jetzige Ausbildung/Tätigkeit ein?;Biologie und Chemie (in Kombination als Schwerpunktfach);Item-Gruppe: Wichtigkeit der fachlichen Kompetenz für jetzige Ausbildung/Tätigkeit;school_type_id = 1;;Basierend auf Fächerangebot (MAR95, BMV 2009, Kantonale Verordnungen für FMS, HMS/WMS/IMS);aktiv;likert6_wichtigkeit
qm_sekII;Wicht_bio;Ausbildungsstand bei Schulabschluss;;Wie schätzen Sie aus heutiger Sicht die Wichtigkeit der folgenden fachlichen Kompetenzen für Ihre jetzige Ausbildung/Tätigkeit ein?;Biologie;Item-Gruppe: Wichtigkeit der fachlichen Kompetenz für jetzige Ausbildung/Tätigkeit;school_type_id = 1, 4;;Basierend auf Fächerangebot (MAR95, BMV 2009, Kantonale Verordnungen für FMS, HMS/WMS/IMS);aktiv;likert6_wichtigkeit
qm_sekII;Wicht_bkf;Ausbildungsstand bei Schulabschluss;;Wie schätzen Sie aus heutiger Sicht die Wichtigkeit der folgenden fachlichen Kompetenzen für Ihre jetzige Ausbildung/Tätigkeit ein?;Berufskundliche Fächer;Item-Gruppe: Wichtigkeit der fachlichen Kompetenz für jetzige Ausbildung/Tätigkeit;school_type_id = 3, 8;;Basierend auf Fächerangebot (MAR95, BMV 2009, Kantonale Verordnungen für FMS, HMS/WMS/IMS);aktiv;likert6_wichtigkeit
qm_sekII;Wicht_chem;Ausbildungsstand bei Schulabschluss;;Wie schätzen Sie aus heutiger Sicht die Wichtigkeit der folgenden fachlichen Kompetenzen für Ihre jetzige Ausbildung/Tätigkeit ein?;Chemie;Item-Gruppe: Wichtigkeit der fachlichen Kompetenz für jetzige Ausbildung/Tätigkeit;school_type_id = 1, 3, 4, 5;;Basierend auf Fächerangebot (MAR95, BMV 2009, Kantonale Verordnungen für FMS, HMS/WMS/IMS);aktiv;likert6_wichtigkeit
qm_sekII;Wicht_de;Ausbildungsstand bei Schulabschluss;;Wie schätzen Sie aus heutiger Sicht die Wichtigkeit der folgenden fachlichen Kompetenzen für Ihre jetzige Ausbildung/Tätigkeit ein?;Deutsch;Item-Gruppe: Wichtigkeit der fachlichen Kompetenz für jetzige Ausbildung/Tätigkeit;school_type_id = 1, 3, 4, 5;;Basierend auf Fächerangebot (MAR95, BMV 2009, Kantonale Verordnungen für FMS, HMS/WMS/IMS);aktiv;likert6_wichtigkeit
qm_sekII;Wicht_eng;Ausbildungsstand bei Schulabschluss;;Wie schätzen Sie aus heutiger Sicht die Wichtigkeit der folgenden fachlichen Kompetenzen für Ihre jetzige Ausbildung/Tätigkeit ein?;Englisch;Item-Gruppe: Wichtigkeit der fachlichen Kompetenz für jetzige Ausbildung/Tätigkeit;school_type_id = 1, 3, 4, 5;;Basierend auf Fächerangebot (MAR95, BMV 2009, Kantonale Verordnungen für FMS, HMS/WMS/IMS);aktiv;likert6_wichtigkeit
qm_sekII;Wicht_es;Ausbildungsstand bei Schulabschluss;;Wie schätzen Sie aus heutiger Sicht die Wichtigkeit der folgenden fachlichen Kompetenzen für Ihre jetzige Ausbildung/Tätigkeit ein?;Spanisch;Item-Gruppe: Wichtigkeit der fachlichen Kompetenz für jetzige Ausbildung/Tätigkeit;school_type_id = 1;;Basierend auf Fächerangebot (MAR95, BMV 2009, Kantonale Verordnungen für FMS, HMS/WMS/IMS);aktiv;likert6_wichtigkeit
qm_sekII;Wicht_fr;Ausbildungsstand bei Schulabschluss;;Wie schätzen Sie aus heutiger Sicht die Wichtigkeit der folgenden fachlichen Kompetenzen für Ihre jetzige Ausbildung/Tätigkeit ein?;Französisch;Item-Gruppe: Wichtigkeit der fachlichen Kompetenz für jetzige Ausbildung/Tätigkeit;school_type_id = 1, 3, 4, 5;;Basierend auf Fächerangebot (MAR95, BMV 2009, Kantonale Verordnungen für FMS, HMS/WMS/IMS);aktiv;likert6_wichtigkeit
qm_sekII;Wicht_fur;Ausbildungsstand bei Schulabschluss;;Wie schätzen Sie aus heutiger Sicht die Wichtigkeit der folgenden fachlichen Kompetenzen für Ihre jetzige Ausbildung/Tätigkeit ein?;Finanz- und Rechnungswesen;Item-Gruppe: Wichtigkeit der fachlichen Kompetenz für jetzige Ausbildung/Tätigkeit;school_type_id = 3, 5;;Basierend auf Fächerangebot (MAR95, BMV 2009, Kantonale Verordnungen für FMS, HMS/WMS/IMS);aktiv;likert6_wichtigkeit
qm_sekII;Wicht_geo;Ausbildungsstand bei Schulabschluss;;Wie schätzen Sie aus heutiger Sicht die Wichtigkeit der folgenden fachlichen Kompetenzen für Ihre jetzige Ausbildung/Tätigkeit ein?;Geografie;Item-Gruppe: Wichtigkeit der fachlichen Kompetenz für jetzige Ausbildung/Tätigkeit;school_type_id = 1, 4;;Basierend auf Fächerangebot (MAR95, BMV 2009, Kantonale Verordnungen für FMS, HMS/WMS/IMS);aktiv;likert6_wichtigkeit
qm_sekII;Wicht_gesch;Ausbildungsstand bei Schulabschluss;;Wie schätzen Sie aus heutiger Sicht die Wichtigkeit der folgenden fachlichen Kompetenzen für Ihre jetzige Ausbildung/Tätigkeit ein?;Geschichte / Staatslehre / Politik;Item-Gruppe: Wichtigkeit der fachlichen Kompetenz für jetzige Ausbildung/Tätigkeit;school_type_id = 1, 3, 4, 5;;Basierend auf Fächerangebot (MAR95, BMV 2009, Kantonale Verordnungen für FMS, HMS/WMS/IMS);aktiv;likert6_wichtigkeit
qm_sekII;Wicht_gkk;Ausbildungsstand bei Schulabschluss;;Wie schätzen Sie aus heutiger Sicht die Wichtigkeit der folgenden fachlichen Kompetenzen für Ihre jetzige Ausbildung/Tätigkeit ein?;Gestaltung, Kunst, Kultur;Item-Gruppe: Wichtigkeit der fachlichen Kompetenz für jetzige Ausbildung/Tätigkeit;school_type_id = 3;;Basierend auf Fächerangebot (MAR95, BMV 2009, Kantonale Verordnungen für FMS, HMS/WMS/IMS);aktiv;likert6_wichtigkeit
qm_sekII;Wicht_grie;Ausbildungsstand bei Schulabschluss;;Wie schätzen Sie aus heutiger Sicht die Wichtigkeit der folgenden fachlichen Kompetenzen für Ihre jetzige Ausbildung/Tätigkeit ein?;Griechisch;Item-Gruppe: Wichtigkeit der fachlichen Kompetenz für jetzige Ausbildung/Tätigkeit;school_type_id = 1;;Basierend auf Fächerangebot (MAR95, BMV 2009, Kantonale Verordnungen für FMS, HMS/WMS/IMS);aktiv;likert6_wichtigkeit
qm_sekII;Wicht_ict;Ausbildungsstand bei Schulabschluss;;Wie schätzen Sie aus heutiger Sicht die Wichtigkeit der folgenden fachlichen Kompetenzen für Ihre jetzige Ausbildung/Tätigkeit ein?;Informations- und Kommunikationstechnologien (Informatik);Item-Gruppe: Wichtigkeit der fachlichen Kompetenz für jetzige Ausbildung/Tätigkeit;school_type_id = 1, 4, 5;;Basierend auf Fächerangebot (MAR95, BMV 2009, Kantonale Verordnungen für FMS, HMS/WMS/IMS);aktiv;likert6_wichtigkeit
qm_sekII;Wicht_ika;Ausbildungsstand bei Schulabschluss;;Wie schätzen Sie aus heutiger Sicht die Wichtigkeit der folgenden fachlichen Kompetenzen für Ihre jetzige Ausbildung/Tätigkeit ein?;Information / Kommunikation / Administration (IKA);Item-Gruppe: Wichtigkeit der fachlichen Kompetenz für jetzige Ausbildung/Tätigkeit;school_type_id = 5;;Basierend auf Fächerangebot (MAR95, BMV 2009, Kantonale Verordnungen für FMS, HMS/WMS/IMS);aktiv;likert6_wichtigkeit
qm_sekII;Wicht_ipt;Ausbildungsstand bei Schulabschluss;;Wie schätzen Sie aus heutiger Sicht die Wichtigkeit der folgenden fachlichen Kompetenzen für Ihre jetzige Ausbildung/Tätigkeit ein?;Integrierte Praxisteile (IPT);Item-Gruppe: Wichtigkeit der fachlichen Kompetenz für jetzige Ausbildung/Tätigkeit;school_type_id = 5;;Basierend auf Fächerangebot (MAR95, BMV 2009, Kantonale Verordnungen für FMS, HMS/WMS/IMS);aktiv;likert6_wichtigkeit
qm_sekII;Wicht_it;Ausbildungsstand bei Schulabschluss;;Wie schätzen Sie aus heutiger Sicht die Wichtigkeit der folgenden fachlichen Kompetenzen für Ihre jetzige Ausbildung/Tätigkeit ein?;Italienisch;Item-Gruppe: Wichtigkeit der fachlichen Kompetenz für jetzige Ausbildung/Tätigkeit;school_type_id = 1, 3, 4, 5;;Basierend auf Fächerangebot (MAR95, BMV 2009, Kantonale Verordnungen für FMS, HMS/WMS/IMS);aktiv;likert6_wichtigkeit
qm_sekII;Wicht_iuk;Ausbildungsstand bei Schulabschluss;;Wie schätzen Sie aus heutiger Sicht die Wichtigkeit der folgenden fachlichen Kompetenzen für Ihre jetzige Ausbildung/Tätigkeit ein?;Information und Kommunikation;Item-Gruppe: Wichtigkeit der fachlichen Kompetenz für jetzige Ausbildung/Tätigkeit;school_type_id = 3;;Basierend auf Fächerangebot (MAR95, BMV 2009, Kantonale Verordnungen für FMS, HMS/WMS/IMS);aktiv;likert6_wichtigkeit
qm_sekII;Wicht_lat;Ausbildungsstand bei Schulabschluss;;Wie schätzen Sie aus heutiger Sicht die Wichtigkeit der folgenden fachlichen Kompetenzen für Ihre jetzige Ausbildung/Tätigkeit ein?;Latein;Item-Gruppe: Wichtigkeit der fachlichen Kompetenz für jetzige Ausbildung/Tätigkeit;school_type_id = 1;;Basierend auf Fächerangebot (MAR95, BMV 2009, Kantonale Verordnungen für FMS, HMS/WMS/IMS);aktiv;likert6_wichtigkeit
qm_sekII;Wicht_math;Ausbildungsstand bei Schulabschluss;;Wie schätzen Sie aus heutiger Sicht die Wichtigkeit der folgenden fachlichen Kompetenzen für Ihre jetzige Ausbildung/Tätigkeit ein?;Mathematik;Item-Gruppe: Wichtigkeit der fachlichen Kompetenz für jetzige Ausbildung/Tätigkeit;school_type_id = 1, 3, 4, 5;;Basierend auf Fächerangebot (MAR95, BMV 2009, Kantonale Verordnungen für FMS, HMS/WMS/IMS);aktiv;likert6_wichtigkeit
qm_sekII;Wicht_mk;Ausbildungsstand bei Schulabschluss;Wahlmodul Wichtigkeit;Wie schätzen Sie insgesamt die Wichtigkeit der in der vorhergehenden Frage genannten Methodenkompetenzen für Ihre jetzige Ausbildung/Tätigkeit ein?;Wichtigkeit der Methodenkompetenzen;Einzelitem: Wichtigkeit der methodischen Kompetenzen für jetzige Ausbildung/Tätigkeit;;;Eigenkonstruktion des IVM;aktiv;likert6_wichtigkeit
qm_sekII;Wicht_mus;Ausbildungsstand bei Schulabschluss;;Wie schätzen Sie aus heutiger Sicht die Wichtigkeit der folgenden fachlichen Kompetenzen für Ihre jetzige Ausbildung/Tätigkeit ein?;Musik;Item-Gruppe: Wichtigkeit der fachlichen Kompetenz für jetzige Ausbildung/Tätigkeit;school_type_id = 1, 4;;Basierend auf Fächerangebot (MAR95, BMV 2009, Kantonale Verordnungen für FMS, HMS/WMS/IMS);aktiv;likert6_wichtigkeit
qm_sekII;Wicht_nat;Ausbildungsstand bei Schulabschluss;;Wie schätzen Sie aus heutiger Sicht die Wichtigkeit der folgenden fachlichen Kompetenzen für Ihre jetzige Ausbildung/Tätigkeit ein?;Naturwissenschaften;Item-Gruppe: Wichtigkeit der fachlichen Kompetenz für jetzige Ausbildung/Tätigkeit;school_type_id = 3;;Basierend auf Fächerangebot (MAR95, BMV 2009, Kantonale Verordnungen für FMS, HMS/WMS/IMS);aktiv;likert6_wichtigkeit
qm_sekII;Wicht_oek;Ausbildungsstand bei Schulabschluss;;Wie schätzen Sie aus heutiger Sicht die Wichtigkeit der folgenden fachlichen Kompetenzen für Ihre jetzige Ausbildung/Tätigkeit ein?;Biologie / Ökologie;Item-Gruppe: Wichtigkeit der fachlichen Kompetenz für jetzige Ausbildung/Tätigkeit;school_type_id = 3;;Basierend auf Fächerangebot (MAR95, BMV 2009, Kantonale Verordnungen für FMS, HMS/WMS/IMS);aktiv;likert6_wichtigkeit
qm_sekII;Wicht_paepsy;Ausbildungsstand bei Schulabschluss;;Wie schätzen Sie aus heutiger Sicht die Wichtigkeit der folgenden fachlichen Kompetenzen für Ihre jetzige Ausbildung/Tätigkeit ein?;Pädagogik / Psychologie;Item-Gruppe: Wichtigkeit der fachlichen Kompetenz für jetzige Ausbildung/Tätigkeit;school_type_id = 1, 4;;Basierend auf Fächerangebot (MAR95, BMV 2009, Kantonale Verordnungen für FMS, HMS/WMS/IMS);aktiv;likert6_wichtigkeit
qm_sekII;Wicht_phil;Ausbildungsstand bei Schulabschluss;;Wie schätzen Sie aus heutiger Sicht die Wichtigkeit der folgenden fachlichen Kompetenzen für Ihre jetzige Ausbildung/Tätigkeit ein?;Philosophie;Item-Gruppe: Wichtigkeit der fachlichen Kompetenz für jetzige Ausbildung/Tätigkeit;school_type_id = 1;;Basierend auf Fächerangebot (MAR95, BMV 2009, Kantonale Verordnungen für FMS, HMS/WMS/IMS);aktiv;likert6_wichtigkeit
qm_sekII;Wicht_phy;Ausbildungsstand bei Schulabschluss;;Wie schätzen Sie aus heutiger Sicht die Wichtigkeit der folgenden fachlichen Kompetenzen für Ihre jetzige Ausbildung/Tätigkeit ein?;Physik;Item-Gruppe: Wichtigkeit der fachlichen Kompetenz für jetzige Ausbildung/Tätigkeit;school_type_id = 1, 3, 4, 5;;Basierend auf Fächerangebot (MAR95, BMV 2009, Kantonale Verordnungen für FMS, HMS/WMS/IMS);aktiv;likert6_wichtigkeit
qm_sekII;Wicht_phyam;Ausbildungsstand bei Schulabschluss;;Wie schätzen Sie aus heutiger Sicht die Wichtigkeit der folgenden fachlichen Kompetenzen für Ihre jetzige Ausbildung/Tätigkeit ein?;Physik und Anwendungen der Mathematik (in Kombination als Schwerpunktfach);Item-Gruppe: Wichtigkeit der fachlichen Kompetenz für jetzige Ausbildung/Tätigkeit;school_type_id = 1;;Basierend auf Fächerangebot (MAR95, BMV 2009, Kantonale Verordnungen für FMS, HMS/WMS/IMS);aktiv;likert6_wichtigkeit
qm_sekII;Wicht_pk;Ausbildungsstand bei Schulabschluss;Wahlmodul Wichtigkeit;Wie schätzen Sie insgesamt die Wichtigkeit der in der vorhergehenden Frage genannten personalen Kompetenzen für Ihre jetzige Ausbildung/Tätigkeit ein?;Wichtigkeit der personalen Kompetenzen;Einzelitem: Wichtigkeit der personalen Kompetenzen für jetzige Ausbildung/Tätigkeit;;;Eigenkonstruktion des IVM;aktiv;likert6_wichtigkeit
qm_sekII;Wicht_ppp;Ausbildungsstand bei Schulabschluss;;Wie schätzen Sie aus heutiger Sicht die Wichtigkeit der folgenden fachlichen Kompetenzen für Ihre jetzige Ausbildung/Tätigkeit ein?;Philosophie / Pädagogik / Psychologie (in Kombination als Schwerpunktfach);Item-Gruppe: Wichtigkeit der fachlichen Kompetenz für jetzige Ausbildung/Tätigkeit;school_type_id = 1;;Basierend auf Fächerangebot (MAR95, BMV 2009, Kantonale Verordnungen für FMS, HMS/WMS/IMS);aktiv;likert6_wichtigkeit
qm_sekII;Wicht_reli;Ausbildungsstand bei Schulabschluss;;Wie schätzen Sie aus heutiger Sicht die Wichtigkeit der folgenden fachlichen Kompetenzen für Ihre jetzige Ausbildung/Tätigkeit ein?;Religionslehre;Item-Gruppe: Wichtigkeit der fachlichen Kompetenz für jetzige Ausbildung/Tätigkeit;school_type_id = 1;;Basierend auf Fächerangebot (MAR95, BMV 2009, Kantonale Verordnungen für FMS, HMS/WMS/IMS);aktiv;likert6_wichtigkeit
qm_sekII;Wicht_rom;Ausbildungsstand bei Schulabschluss;;Wie schätzen Sie aus heutiger Sicht die Wichtigkeit der folgenden fachlichen Kompetenzen für Ihre jetzige Ausbildung/Tätigkeit ein?;Romanisch;Item-Gruppe: Wichtigkeit der fachlichen Kompetenz für jetzige Ausbildung/Tätigkeit;school_type_id = 1, 4, 5;;Basierend auf Fächerangebot (MAR95, BMV 2009, Kantonale Verordnungen für FMS, HMS/WMS/IMS);aktiv;likert6_wichtigkeit
qm_sekII;Wicht_ru;Ausbildungsstand bei Schulabschluss;;Wie schätzen Sie aus heutiger Sicht die Wichtigkeit der folgenden fachlichen Kompetenzen für Ihre jetzige Ausbildung/Tätigkeit ein?;Russisch;Item-Gruppe: Wichtigkeit der fachlichen Kompetenz für jetzige Ausbildung/Tätigkeit;school_type_id = 1;;Basierend auf Fächerangebot (MAR95, BMV 2009, Kantonale Verordnungen für FMS, HMS/WMS/IMS);aktiv;likert6_wichtigkeit
qm_sekII;Wicht_sk;Ausbildungsstand bei Schulabschluss;Wahlmodul Wichtigkeit;Wie schätzen Sie insgesamt die Wichtigkeit der in der vorhergehenden Frage genannten sozialen Kompetenzen für Ihre jetzige Ausbildung/Tätigkeit ein?;Wichtigkeit der sozialen Kompetenzen;Einzelitem: Wichtigkeit der sozialen Kompetenzen für jetzige Ausbildung/Tätigkeit;;;Eigenkonstruktion des IVM;aktiv;likert6_wichtigkeit
qm_sekII;Wicht_soz;Ausbildungsstand bei Schulabschluss;;Wie schätzen Sie aus heutiger Sicht die Wichtigkeit der folgenden fachlichen Kompetenzen für Ihre jetzige Ausbildung/Tätigkeit ein?;Sozialwissenschaften;Item-Gruppe: Wichtigkeit der fachlichen Kompetenz für jetzige Ausbildung/Tätigkeit;school_type_id = 3;;Basierend auf Fächerangebot (MAR95, BMV 2009, Kantonale Verordnungen für FMS, HMS/WMS/IMS);aktiv;likert6_wichtigkeit
qm_sekII;Wicht_sport;Ausbildungsstand bei Schulabschluss;;Wie schätzen Sie aus heutiger Sicht die Wichtigkeit der folgenden fachlichen Kompetenzen für Ihre jetzige Ausbildung/Tätigkeit ein?;Sport;Item-Gruppe: Wichtigkeit der fachlichen Kompetenz für jetzige Ausbildung/Tätigkeit;school_type_id = 1, 4, 5;;Basierend auf Fächerangebot (MAR95, BMV 2009, Kantonale Verordnungen für FMS, HMS/WMS/IMS);aktiv;likert6_wichtigkeit
qm_sekII;Wicht_tuu;Ausbildungsstand bei Schulabschluss;;Wie schätzen Sie aus heutiger Sicht die Wichtigkeit der folgenden fachlichen Kompetenzen für Ihre jetzige Ausbildung/Tätigkeit ein?;Technik und Umwelt;Item-Gruppe: Wichtigkeit der fachlichen Kompetenz für jetzige Ausbildung/Tätigkeit;school_type_id = 3;;Basierend auf Fächerangebot (MAR95, BMV 2009, Kantonale Verordnungen für FMS, HMS/WMS/IMS);aktiv;likert6_wichtigkeit
qm_sekII;Wicht_uek;Ausbildungsstand bei Schulabschluss;;Wie schätzen Sie aus heutiger Sicht die Wichtigkeit der folgenden fachlichen Kompetenzen für Ihre jetzige Ausbildung/Tätigkeit ein?;Überbetriebliche Kurse / Einführungskurse;Item-Gruppe: Wichtigkeit der fachlichen Kompetenz für jetzige Ausbildung/Tätigkeit;school_type_id = 3, 8;;Basierend auf Fächerangebot (MAR95, BMV 2009, Kantonale Verordnungen für FMS, HMS/WMS/IMS);aktiv;likert6_wichtigkeit
qm_sekII;Wicht_vbr;Ausbildungsstand bei Schulabschluss;;Wie schätzen Sie aus heutiger Sicht die Wichtigkeit der folgenden fachlichen Kompetenzen für Ihre jetzige Ausbildung/Tätigkeit ein?;Volkswirtschaft / Betriebswirtschaft / Recht;Item-Gruppe: Wichtigkeit der fachlichen Kompetenz für jetzige Ausbildung/Tätigkeit;school_type_id = 5;;Basierend auf Fächerangebot (MAR95, BMV 2009, Kantonale Verordnungen für FMS, HMS/WMS/IMS);aktiv;likert6_wichtigkeit
qm_sekII;Wicht_wug;Ausbildungsstand bei Schulabschluss;;Wie schätzen Sie aus heutiger Sicht die Wichtigkeit der folgenden fachlichen Kompetenzen für Ihre jetzige Ausbildung/Tätigkeit ein?;Wirtschaft und Gesellschaft;Item-Gruppe: Wichtigkeit der fachlichen Kompetenz für jetzige Ausbildung/Tätigkeit;school_type_id = 5;;Basierend auf Fächerangebot (MAR95, BMV 2009, Kantonale Verordnungen für FMS, HMS/WMS/IMS);aktiv;likert6_wichtigkeit
qm_sekII;Wicht_wur;Ausbildungsstand bei Schulabschluss;;Wie schätzen Sie aus heutiger Sicht die Wichtigkeit der folgenden fachlichen Kompetenzen für Ihre jetzige Ausbildung/Tätigkeit ein?;Wirtschaft und Recht;Item-Gruppe: Wichtigkeit der fachlichen Kompetenz für jetzige Ausbildung/Tätigkeit;school_type_id = 1, 3, 4, 8;;Basierend auf Fächerangebot (MAR95, BMV 2009, Kantonale Verordnungen für FMS, HMS/WMS/IMS);aktiv;likert6_wichtigkeit
qm_sekII;Wo_afr;Statistische Angaben;Fragen zu Austausch und Mobilität (Movetia);Wohin ging(en) die Austausch- oder Mobilitätsaktivitäten? (Mehrfachantworten möglich);Afrika;Item-Gruppe: Ort des Austausches / der Mobilität;filter_movetia = 1;;Movetia;aktiv;kreuz
qm_sekII;Wo_asia;Statistische Angaben;Fragen zu Austausch und Mobilität (Movetia);Wohin ging(en) die Austausch- oder Mobilitätsaktivitäten? (Mehrfachantworten möglich);Asien;Item-Gruppe: Ort des Austausches / der Mobilität;filter_movetia = 1;;Movetia;aktiv;kreuz
qm_sekII;Wo_ch;Statistische Angaben;Fragen zu Austausch und Mobilität (Movetia);Wohin ging(en) die Austausch- oder Mobilitätsaktivitäten? (Mehrfachantworten möglich);Andere Sprachregion der Schweiz;Item-Gruppe: Ort des Austausches / der Mobilität;filter_movetia = 1;;Movetia;aktiv;kreuz
qm_sekII;Wo_eu;Statistische Angaben;Fragen zu Austausch und Mobilität (Movetia);Wohin ging(en) die Austausch- oder Mobilitätsaktivitäten? (Mehrfachantworten möglich);Europa;Item-Gruppe: Ort des Austausches / der Mobilität;filter_movetia = 1;;Movetia;aktiv;kreuz
qm_sekII;Wo_lat;Statistische Angaben;Fragen zu Austausch und Mobilität (Movetia);Wohin ging(en) die Austausch- oder Mobilitätsaktivitäten? (Mehrfachantworten möglich);Lateinamerika (Mittel- und Südamerika);Item-Gruppe: Ort des Austausches / der Mobilität;filter_movetia = 1;;Movetia;aktiv;kreuz
qm_sekII;Wo_norda;Statistische Angaben;Fragen zu Austausch und Mobilität (Movetia);Wohin ging(en) die Austausch- oder Mobilitätsaktivitäten? (Mehrfachantworten möglich);Nordamerika;Item-Gruppe: Ort des Austausches / der Mobilität;filter_movetia = 1;;Movetia;aktiv;kreuz
qm_sekII;Wo_oz;Statistische Angaben;Fragen zu Austausch und Mobilität (Movetia);Wohin ging(en) die Austausch- oder Mobilitätsaktivitäten? (Mehrfachantworten möglich);Ozeanien;Item-Gruppe: Ort des Austausches / der Mobilität;filter_movetia = 1;;Movetia;aktiv;kreuz
qm_sekII;Zeit_asia;Statistische Angaben;Fragen zu Austausch und Mobilität (Movetia);Wie lange dauerte(n) die Austausch- oder Mobilitätsaktivität(en)? (Mehrfachantworten möglich);Mehr als 6 Monaten am Zielort;Item-Gruppe: Dauer des Austausches / der Mobilität;filter_movetia = 1;;Movetia;aktiv;kreuz
qm_sekII;Zeit_ch;Statistische Angaben;Fragen zu Austausch und Mobilität (Movetia);Wie lange dauerte(n) die Austausch- oder Mobilitätsaktivität(en)? (Mehrfachantworten möglich);Bis eine Woche am Zielort;Item-Gruppe: Dauer des Austausches / der Mobilität;filter_movetia = 1;;Movetia;aktiv;kreuz
qm_sekII;Zeit_eu;Statistische Angaben;Fragen zu Austausch und Mobilität (Movetia);Wie lange dauerte(n) die Austausch- oder Mobilitätsaktivität(en)? (Mehrfachantworten möglich);1-2 Wochen am Zielort;Item-Gruppe: Dauer des Austausches / der Mobilität;filter_movetia = 1;;Movetia;aktiv;kreuz
qm_sekII;Zeit_lat;Statistische Angaben;Fragen zu Austausch und Mobilität (Movetia);Wie lange dauerte(n) die Austausch- oder Mobilitätsaktivität(en)? (Mehrfachantworten möglich);9 Wochen - 6 Monate am Zielort;Item-Gruppe: Dauer des Austausches / der Mobilität;filter_movetia = 1;;Movetia;aktiv;kreuz
qm_sekII;Zeit_norda;Statistische Angaben;Fragen zu Austausch und Mobilität (Movetia);Wie lange dauerte(n) die Austausch- oder Mobilitätsaktivität(en)? (Mehrfachantworten möglich);3-8 Wochen am Zielort;Item-Gruppe: Dauer des Austausches / der Mobilität;filter_movetia = 1;;Movetia;aktiv;kreuz
qm_sekII;Zeitbelast;Input;Individuelle Eingangsvoraussetzungen der Schülerinnen und Schüler;Wie sieht die zeitliche Belastung durch die Schule (Hausaufgaben und Unterricht) aus? Ist sie angemessen?;;Einzelitem: Zeitliche Belastung;;;Eigenkonstruktion des IVM;Aktiv;zeitbelast
qm_sekII;Zlern_ideen;Ausbildungsstand bei Schulabschluss;Wahlmodul Lernen;Inwiefern treffen die folgenden Aussagen rückblickend auf Ihr Lernen %s<school_type_local> zu?;Ich konnte meine eigenen Ideen verwirklichen.;Item-Gruppe: Zuständigkeit für das Lernen;;;Eigenkonstruktion des IVM;aktiv;likert6_zutreffen2
qm_sekII;Zlern_org;Ausbildungsstand bei Schulabschluss;Wahlmodul Lernen;Inwiefern treffen die folgenden Aussagen rückblickend auf Ihr Lernen %s<school_type_local> zu?;Ich konnte über die Organisation des Lerngeschehens mitbestimmen.;Item-Gruppe: Zuständigkeit für das Lernen;;;Eigenkonstruktion des IVM;aktiv;likert6_zutreffen2
qm_sekII;Zlern_selbst;Ausbildungsstand bei Schulabschluss;Wahlmodul Lernen;Inwiefern treffen die folgenden Aussagen rückblickend auf Ihr Lernen %s<school_type_local> zu?;Ich fühlte mich für mein Lernen selbst zuständig.;Item-Gruppe: Zuständigkeit für das Lernen;;;Eigenkonstruktion des IVM;aktiv;likert6_zutreffen2
qm_sekII;Zlern_tun;Ausbildungsstand bei Schulabschluss;Wahlmodul Lernen;Inwiefern treffen die folgenden Aussagen rückblickend auf Ihr Lernen %s<school_type_local> zu?;Ich hatte das Gefühl, das zu tun, was ich selber tun will.;Item-Gruppe: Zuständigkeit für das Lernen;;;Eigenkonstruktion des IVM;aktiv;likert6_zutreffen2
qm_sekII;Zufr_admin_a;Output/Outcome;Zufriedenheit mit der Schule;Wie zufrieden oder unzufrieden sind Sie im Allgemeinen mit;... der Administration (Sekretariat)?;Item-Gruppe: Zufriedenheit mit der Schule;school_type_id = 3, 8;;1) Eigenkonstruktion IVM, 2) Eigenkonstruktion IFES IPES ;aktiv;likert6_zufriedenheit
qm_sekII;Zufr_fuehr;Output/Outcome;Zufriedenheit mit der Schule;Wie zufrieden oder unzufrieden sind Sie im Allgemeinen mit;... der Schulführung (Schulleitung / Rektorat etc.)?;Item-Gruppe: Zufriedenheit mit der Schule;;;1) Eigenkonstruktion IVM, 2) Eigenkonstruktion IFES IPES ;aktiv;likert6_zufriedenheit
qm_sekII;Zufr_gelernt;Output/Outcome;Zufriedenheit mit der Schule;Wie zufrieden oder unzufrieden sind Sie im Allgemeinen mit;... dem, was Sie an der Schule gelernt haben?;Item-Gruppe: Zufriedenheit mit der Schule;;;1) Eigenkonstruktion IVM, 2) Eigenkonstruktion IFES IPES ;aktiv;likert6_zufriedenheit
qm_sekII;Zufr_lehrm;Output/Outcome;Zufriedenheit mit der Schule;Wie zufrieden oder unzufrieden sind Sie im Allgemeinen mit;... den zur Verfügung stehenden Lehrmitteln (Bücher, Kopien, Lern-Software etc.)?;Item-Gruppe: Zufriedenheit mit der Schule;;;1) Eigenkonstruktion IVM, 2) Eigenkonstruktion IFES IPES ;aktiv;likert6_zufriedenheit
qm_sekII;Zufr_lehrp;Output/Outcome;Zufriedenheit mit der Schule;Wie zufrieden oder unzufrieden sind Sie im Allgemeinen mit;... Ihren Lehrpersonen?;Item-Gruppe: Zufriedenheit mit der Schule;;;1) Eigenkonstruktion IVM, 2) Eigenkonstruktion IFES IPES ;aktiv;likert6_zufriedenheit
qm_sekII;Zufr_plan;Output/Outcome;Zufriedenheit mit der Schule;Wie zufrieden oder unzufrieden sind Sie im Allgemeinen mit;... Ihren Stundenplänen?;Item-Gruppe: Zufriedenheit mit der Schule;;;1) Eigenkonstruktion IVM, 2) Eigenkonstruktion IFES IPES ;aktiv;likert6_zufriedenheit
qm_sekII;Zufr_schule;Output/Outcome;Zufriedenheit mit der Schule;Wie zufrieden oder unzufrieden sind Sie im Allgemeinen mit;... Ihrer Schule?;Item-Gruppe: Zufriedenheit mit der Schule;;;1) Eigenkonstruktion IVM, 2) Eigenkonstruktion IFES IPES ;aktiv;likert6_zufriedenheit
qm_sekII;Zufr_unter;Output/Outcome;Zufriedenheit mit der Schule;Wie zufrieden oder unzufrieden sind Sie im Allgemeinen mit;... dem Unterricht?;Item-Gruppe: Zufriedenheit mit der Schule;;;1) Eigenkonstruktion IVM, 2) Eigenkonstruktion IFES IPES ;aktiv;likert6_zufriedenheit
qm_sekII;Zufrieden;Ihre Ausbildung;;Wie zufrieden sind Sie rückblickend insgesamt mit der Qualität Ihrer Ausbildung %s<school_type_local>?;Zufriedenheit insgesamt;Einzelitem: Zufriedenheit;;;Eigenkonstruktion des IVM;aktiv;likert6_zufriedenheit
qm_sekII;Zukunft;Output/Outcome;Wert für die Zukunft;Haben Sie sich schon endgültig entschieden, was Sie nach Abschluss Ihrer Ausbildung machen?;Bitte geben Sie Ihre längerfristige Planung an, eine allfällige Zwischenphase wie Militär, Reisen, Sprachaufenthalt, Zwischenjahr oder eine Pause usw. ist hier nicht gemeint. Achtung: Nur eine Antwort möglich.;Einzelitem: Zukunftspläne;;;Eigenkonstruktion des IVM;aktiv;laengrfr_pl
qm_sekII;Zwgr_and;;;;;;;;;Item erhoben bis 2015;
qm_sekII;Zwgr_find;;;;;;;;;Item erhoben bis 2015;
qm_sekII;Zwgr_form;;;;;;;;;Item erhoben bis 2015;
qm_sekII;Zwgr_geld;;;;;;;;;Item erhoben bis 2015;
qm_sekII;Zwgr_horz;;;;;;;;;Item erhoben bis 2015;
qm_sekII;Zwgr_leist;;;;;;;;;Item erhoben bis 2015;
qm_sekII;Zwgr_mued;;;;;;;;;Item erhoben bis 2015;
qm_sekII;Zwgr_uklar;;;;;;;;;Item erhoben bis 2015;
qm_sekII;Zwta_alos;Werdegang;;Was haben Sie in der Zeit zwischen dem Schulabschluss und der momentanen Ausbildung/Tätigkeit gemacht? (Mehrfachnennungen möglich),;Ich war arbeitslos;Item-Gruppe: Tätigkeit in der Zwischenphase;;;Eigenkonstruktion des IVM/des IFES;aktiv;kreuz
qm_sekII;Zwta_and;Werdegang;;Was haben Sie in der Zeit zwischen dem Schulabschluss und der momentanen Ausbildung/Tätigkeit gemacht? (Mehrfachnennungen möglich),;Sonstiges,;Item-Gruppe: Tätigkeit in der Zwischenphase;;;Eigenkonstruktion des IVM/des IFES;aktiv;kreuz
qm_sekII;Zwta_arb;Werdegang;;Was haben Sie in der Zeit zwischen dem Schulabschluss und der momentanen Ausbildung/Tätigkeit gemacht? (Mehrfachnennungen möglich),;Arbeiten im erlernten Beruf;Item-Gruppe: Tätigkeit in der Zwischenphase;;;Eigenkonstruktion des IVM/des IFES;aktiv;kreuz
qm_sekII;Zwta_ausla;Werdegang;;Was haben Sie in der Zeit zwischen dem Schulabschluss und der momentanen Ausbildung/Tätigkeit gemacht? (Mehrfachnennungen möglich),;Sprachen lernen/Auslandsaufenthalt/Au pair;Item-Gruppe: Tätigkeit in der Zwischenphase;;;Eigenkonstruktion des IVM/des IFES;aktiv;kreuz
qm_sekII;Zwta_bm;Werdegang;;Was haben Sie in der Zeit zwischen dem Schulabschluss und der momentanen Ausbildung/Tätigkeit gemacht? (Mehrfachnennungen möglich),;Berufsmaturität;Item-Gruppe: Tätigkeit in der Zwischenphase;;;Eigenkonstruktion des IVM/des IFES;aktiv;kreuz
qm_sekII;Zwta_fm;Werdegang;;Was haben Sie in der Zeit zwischen dem Schulabschluss und der momentanen Ausbildung/Tätigkeit gemacht? (Mehrfachnennungen möglich),;Fachmaturität;Item-Gruppe: Tätigkeit in der Zwischenphase;;;Eigenkonstruktion des IVM/des IFES;aktiv;kreuz
qm_sekII;Zwta_job;Werdegang;;Was haben Sie in der Zeit zwischen dem Schulabschluss und der momentanen Ausbildung/Tätigkeit gemacht? (Mehrfachnennungen möglich),;Jobben/Geld verdienen (nicht im erlernten Beruf);Item-Gruppe: Tätigkeit in der Zwischenphase;;;Eigenkonstruktion des IVM/des IFES;aktiv;kreuz
qm_sekII;Zwta_mil;Werdegang;;Was haben Sie in der Zeit zwischen dem Schulabschluss und der momentanen Ausbildung/Tätigkeit gemacht? (Mehrfachnennungen möglich),;Militär- oder Zivildienst;Item-Gruppe: Tätigkeit in der Zwischenphase;;;Eigenkonstruktion des IVM/des IFES;aktiv;kreuz
qm_sekII;Zwta_pass;Werdegang;;Was haben Sie in der Zeit zwischen dem Schulabschluss und der momentanen Ausbildung/Tätigkeit gemacht? (Mehrfachnennungen möglich),;Passerelle Berufsmaturität – universitäre Hochschule;Item-Gruppe: Tätigkeit in der Zwischenphase;;;Eigenkonstruktion des IVM/des IFES;aktiv;kreuz
qm_sekII;Zwta_prak;Werdegang;;Was haben Sie in der Zeit zwischen dem Schulabschluss und der momentanen Ausbildung/Tätigkeit gemacht? (Mehrfachnennungen möglich),;Praktikum oder Vorkurs;Item-Gruppe: Tätigkeit in der Zwischenphase;;;Eigenkonstruktion des IVM/des IFES;aktiv;kreuz
qm_sekII;Zwta_reise;Werdegang;;Was haben Sie in der Zeit zwischen dem Schulabschluss und der momentanen Ausbildung/Tätigkeit gemacht? (Mehrfachnennungen möglich),;Längere Reisen/Ferien;Item-Gruppe: Tätigkeit in der Zwischenphase;;;Eigenkonstruktion des IVM/des IFES;aktiv;kreuz
qm_sekII;bms_richt;Statistische Angaben;;;;Einzelitem: BMS-Richtungen;school_type_id = 3;;berufsberatung.ch;aktiv;bms_richt
qm_sekII;country;;;Wohnsitz;;Einzelitem: Wohnsitz;;;;aktiv;wohnsitz
qm_sekII;evaluation_id;;;Befragungsnummer ZEM CES (intern);;Einzelitem: Befragungsnummer ZEM CES;;;;aktiv;
qm_sekII;filter_movetia;Statistische Angaben;;Haben Sie an einer Austausch- und/oder Mobilitätsaktivität während Ihrer Ausbildung %s<school_type_local> teilgenommen?,;;Einzelitem: Teilnahme an Austausch und Mobilität;;;Movetia;aktiv;kreuz
qm_sekII;fms_feld;Statistische Angaben;Statistische Angaben aus XLS-Uploads Teilnehmerliste;;;Einzelitem: FMS-Berufsfeld;school_type_id = 4;;berufsberatung.ch;aktiv;fms_feld
qm_sekII;hms_ims;Statistische Angaben;Statistische Angaben aus XLS-Uploads Teilnehmerliste;;;Einzelitem: HMW/WMS oder IMS (neu);school_type_id = 5;;;aktiv;hms_ims
qm_sekII;ifes_nbr;;;Nummer, anhand derer der Teilnehmende mit ihrer AHV13 Nr. verknüpft werden können (BFS). ;;Einzelitem: Verknüpfung BFS;;;;aktiv;
qm_sekII;itkompetenz_ps_a;Output/Outcome;Überfachliche Kompetenzen;Haben Sie in der Zeit an Ihrer Schule in folgenden Bereichen dazu gelernt? Ich habe an der Schule gelernt, ...;... mit persönlichen Daten im Internet sorgfältig umzugehen.;Einzelitem: Selbsteinschätzung des Zuwachses IT-Kompetenzen;school_type_id = 3, 8;;1) Standardisierte Ehemaligenbefragung, 2) Eigenkonstruktion IFES IPES;aktiv;likert6_zutreffen
qm_sekII;kanton;;;Kanton (Abkürzung);;Einzelitem: Kanton;;;;aktiv;
qm_sekII;main_language_in_class;;;;;Einzelitem: Unterrichtssprache;;;MAR 2023 (Landessprache, die an der Schule als Unterrichtssprache verwendet wird);aktiv;
qm_sekII;participant_class;;;Klasse der Teilnehmenden, gemäss Angaben der Schule;;Einzelitem: Klasse;;;;aktiv;
qm_sekII;participant_id;;;Nummer des Teilnehmenden für Umfragesoftware ZEM CES;;Einzelitem: Teilnehmendennummer;;;;;
qm_sekII;q_additional_1152_1;;;Zusatzfragen von anderen Kantonen/Schulen, ignorieren;;;;;;;
qm_sekII;q_additional_1152_2;;;Zusatzfragen von anderen Kantonen/Schulen, ignorieren;;;;;;;
qm_sekII;q_additional_1152_3;;;Zusatzfragen von anderen Kantonen/Schulen, ignorieren;;;;;;;
qm_sekII;q_additional_1152_4;;;Zusatzfragen von anderen Kantonen/Schulen, ignorieren;;;;;;;
qm_sekII;q_additional_1152_5;;;Zusatzfragen von anderen Kantonen/Schulen, ignorieren;;;;;;;
qm_sekII;q_additional_1152_6;;;Zusatzfragen von anderen Kantonen/Schulen, ignorieren;;;;;;;
qm_sekII;q_additional_1152_7;;;Zusatzfragen von anderen Kantonen/Schulen, ignorieren;;;;;;;
qm_sekII;q_additional_1154_1;;;Zusatzfragen von anderen Kantonen/Schulen, ignorieren;;;;;;;
qm_sekII;q_additional_1154_2;;;Zusatzfragen von anderen Kantonen/Schulen, ignorieren;;;;;;;
qm_sekII;q_additional_1154_3;;;Zusatzfragen von anderen Kantonen/Schulen, ignorieren;;;;;;;
qm_sekII;q_additional_1154_4;;;Zusatzfragen von anderen Kantonen/Schulen, ignorieren;;;;;;;
qm_sekII;q_additional_1154_5;;;Zusatzfragen von anderen Kantonen/Schulen, ignorieren;;;;;;;
qm_sekII;q_additional_1154_6;;;Zusatzfragen von anderen Kantonen/Schulen, ignorieren;;;;;;;
qm_sekII;q_additional_1154_7;;;Zusatzfragen von anderen Kantonen/Schulen, ignorieren;;;;;;;
qm_sekII;q_additional_116_1;;;Zusatzfragen von anderen Kantonen/Schulen, ignorieren;;;;;;;
qm_sekII;q_additional_116_2;;;Zusatzfragen von anderen Kantonen/Schulen, ignorieren;;;;;;;
qm_sekII;q_additional_116_3;;;Zusatzfragen von anderen Kantonen/Schulen, ignorieren;;;;;;;
qm_sekII;q_additional_117_1;;;Zusatzfragen von anderen Kantonen/Schulen, ignorieren;;;;;;;
qm_sekII;q_additional_117_2;;;Zusatzfragen von anderen Kantonen/Schulen, ignorieren;;;;;;;
qm_sekII;q_additional_117_3;;;Zusatzfragen von anderen Kantonen/Schulen, ignorieren;;;;;;;
qm_sekII;q_additional_118_1;;;Zusatzfragen von anderen Kantonen/Schulen, ignorieren;;;;;;;
qm_sekII;q_additional_118_2;;;Zusatzfragen von anderen Kantonen/Schulen, ignorieren;;;;;;;
qm_sekII;q_additional_118_3;;;Zusatzfragen von anderen Kantonen/Schulen, ignorieren;;;;;;;
qm_sekII;q_additional_118_4;;;Zusatzfragen von anderen Kantonen/Schulen, ignorieren;;;;;;;
qm_sekII;q_additional_118_5;;;Zusatzfragen von anderen Kantonen/Schulen, ignorieren;;;;;;;
qm_sekII;q_additional_264_1;;;Zusatzfragen von anderen Kantonen/Schulen, ignorieren;;;;;;;
qm_sekII;q_additional_264_10;;;Zusatzfragen von anderen Kantonen/Schulen, ignorieren;;;;;;;
qm_sekII;q_additional_264_2;;;Zusatzfragen von anderen Kantonen/Schulen, ignorieren;;;;;;;
qm_sekII;q_additional_264_3;;;Zusatzfragen von anderen Kantonen/Schulen, ignorieren;;;;;;;
qm_sekII;q_additional_264_4;;;Zusatzfragen von anderen Kantonen/Schulen, ignorieren;;;;;;;
qm_sekII;q_additional_264_5;;;Zusatzfragen von anderen Kantonen/Schulen, ignorieren;;;;;;;
qm_sekII;q_additional_264_6;;;Zusatzfragen von anderen Kantonen/Schulen, ignorieren;;;;;;;
qm_sekII;q_additional_264_7;;;Zusatzfragen von anderen Kantonen/Schulen, ignorieren;;;;;;;
qm_sekII;q_additional_264_8;;;Zusatzfragen von anderen Kantonen/Schulen, ignorieren;;;;;;;
qm_sekII;q_additional_264_9;;;Zusatzfragen von anderen Kantonen/Schulen, ignorieren;;;;;;;
qm_sekII;q_additional_283_1;;;Zusatzfragen von anderen Kantonen/Schulen, ignorieren;;;;;;;
qm_sekII;q_additional_283_10;;;Zusatzfragen von anderen Kantonen/Schulen, ignorieren;;;;;;;
qm_sekII;q_additional_283_11;;;Zusatzfragen von anderen Kantonen/Schulen, ignorieren;;;;;;;
qm_sekII;q_additional_283_12;;;Zusatzfragen von anderen Kantonen/Schulen, ignorieren;;;;;;;
qm_sekII;q_additional_283_13;;;Zusatzfragen von anderen Kantonen/Schulen, ignorieren;;;;;;;
qm_sekII;q_additional_283_14;;;Zusatzfragen von anderen Kantonen/Schulen, ignorieren;;;;;;;
qm_sekII;q_additional_283_2;;;Zusatzfragen von anderen Kantonen/Schulen, ignorieren;;;;;;;
qm_sekII;q_additional_283_3;;;Zusatzfragen von anderen Kantonen/Schulen, ignorieren;;;;;;;
qm_sekII;q_additional_283_4;;;Zusatzfragen von anderen Kantonen/Schulen, ignorieren;;;;;;;
qm_sekII;q_additional_283_5;;;Zusatzfragen von anderen Kantonen/Schulen, ignorieren;;;;;;;
qm_sekII;q_additional_283_6;;;Zusatzfragen von anderen Kantonen/Schulen, ignorieren;;;;;;;
qm_sekII;q_additional_283_7;;;Zusatzfragen von anderen Kantonen/Schulen, ignorieren;;;;;;;
qm_sekII;q_additional_283_8;;;Zusatzfragen von anderen Kantonen/Schulen, ignorieren;;;;;;;
qm_sekII;q_additional_283_9;;;Zusatzfragen von anderen Kantonen/Schulen, ignorieren;;;;;;;
qm_sekII;q_additional_288_1;;;Zusatzfragen von anderen Kantonen/Schulen, ignorieren;;;;;;;
qm_sekII;q_additional_289_1;;;Zusatzfragen von anderen Kantonen/Schulen, ignorieren;;;;;;;
qm_sekII;q_additional_3_1;;;Zusatzfragen von anderen Kantonen/Schulen, ignorieren;;;;;;;
qm_sekII;q_additional_433_1;;;Zusatzfragen von anderen Kantonen/Schulen, ignorieren;;;;;;;
qm_sekII;q_additional_433_2;;;Zusatzfragen von anderen Kantonen/Schulen, ignorieren;;;;;;;
qm_sekII;q_additional_433_3;;;Zusatzfragen von anderen Kantonen/Schulen, ignorieren;;;;;;;
qm_sekII;q_additional_433_4;;;Zusatzfragen von anderen Kantonen/Schulen, ignorieren;;;;;;;
qm_sekII;q_additional_433_5;;;Zusatzfragen von anderen Kantonen/Schulen, ignorieren;;;;;;;
qm_sekII;q_additional_434_1;;;Zusatzfragen von anderen Kantonen/Schulen, ignorieren;;;;;;;
qm_sekII;q_additional_434_2;;;Zusatzfragen von anderen Kantonen/Schulen, ignorieren;;;;;;;
qm_sekII;q_additional_434_3;;;Zusatzfragen von anderen Kantonen/Schulen, ignorieren;;;;;;;
qm_sekII;q_additional_434_4;;;Zusatzfragen von anderen Kantonen/Schulen, ignorieren;;;;;;;
qm_sekII;q_additional_436_1;;;Zusatzfragen von anderen Kantonen/Schulen, ignorieren;;;;;;;
qm_sekII;q_additional_436_2;;;Zusatzfragen von anderen Kantonen/Schulen, ignorieren;;;;;;;
qm_sekII;q_additional_439_1;;;Zusatzfragen von anderen Kantonen/Schulen, ignorieren;;;;;;;
qm_sekII;q_additional_447_1;;;Zusatzfragen von anderen Kantonen/Schulen, ignorieren;;;;;;;
qm_sekII;q_additional_448_1;;;Zusatzfragen von anderen Kantonen/Schulen, ignorieren;;;;;;;
qm_sekII;q_additional_448_2;;;Zusatzfragen von anderen Kantonen/Schulen, ignorieren;;;;;;;
qm_sekII;q_additional_448_3;;;Zusatzfragen von anderen Kantonen/Schulen, ignorieren;;;;;;;
qm_sekII;q_additional_448_4;;;Zusatzfragen von anderen Kantonen/Schulen, ignorieren;;;;;;;
qm_sekII;q_additional_448_5;;;Zusatzfragen von anderen Kantonen/Schulen, ignorieren;;;;;;;
qm_sekII;q_additional_448_6;;;Zusatzfragen von anderen Kantonen/Schulen, ignorieren;;;;;;;
qm_sekII;q_additional_449_1;;;Zusatzfragen von anderen Kantonen/Schulen, ignorieren;;;;;;;
qm_sekII;q_additional_449_2;;;Zusatzfragen von anderen Kantonen/Schulen, ignorieren;;;;;;;
qm_sekII;q_additional_449_3;;;Zusatzfragen von anderen Kantonen/Schulen, ignorieren;;;;;;;
qm_sekII;q_additional_449_4;;;Zusatzfragen von anderen Kantonen/Schulen, ignorieren;;;;;;;
qm_sekII;q_additional_449_5;;;Zusatzfragen von anderen Kantonen/Schulen, ignorieren;;;;;;;
qm_sekII;q_additional_449_6;;;Zusatzfragen von anderen Kantonen/Schulen, ignorieren;;;;;;;
qm_sekII;q_additional_450_1;;;Zusatzfragen von anderen Kantonen/Schulen, ignorieren;;;;;;;
qm_sekII;q_additional_450_2;;;Zusatzfragen von anderen Kantonen/Schulen, ignorieren;;;;;;;
qm_sekII;q_additional_450_3;;;Zusatzfragen von anderen Kantonen/Schulen, ignorieren;;;;;;;
qm_sekII;q_additional_450_4;;;Zusatzfragen von anderen Kantonen/Schulen, ignorieren;;;;;;;
qm_sekII;q_additional_450_5;;;Zusatzfragen von anderen Kantonen/Schulen, ignorieren;;;;;;;
qm_sekII;q_additional_450_6;;;Zusatzfragen von anderen Kantonen/Schulen, ignorieren;;;;;;;
qm_sekII;q_additional_451_1;;;Zusatzfragen von anderen Kantonen/Schulen, ignorieren;;;;;;;
qm_sekII;q_additional_451_2;;;Zusatzfragen von anderen Kantonen/Schulen, ignorieren;;;;;;;
qm_sekII;q_additional_451_3;;;Zusatzfragen von anderen Kantonen/Schulen, ignorieren;;;;;;;
qm_sekII;q_additional_451_4;;;Zusatzfragen von anderen Kantonen/Schulen, ignorieren;;;;;;;
qm_sekII;q_additional_451_5;;;Zusatzfragen von anderen Kantonen/Schulen, ignorieren;;;;;;;
qm_sekII;q_additional_451_6;;;Zusatzfragen von anderen Kantonen/Schulen, ignorieren;;;;;;;
qm_sekII;q_additional_452_1;;;Zusatzfragen von anderen Kantonen/Schulen, ignorieren;;;;;;;
qm_sekII;q_additional_452_2;;;Zusatzfragen von anderen Kantonen/Schulen, ignorieren;;;;;;;
qm_sekII;q_additional_452_3;;;Zusatzfragen von anderen Kantonen/Schulen, ignorieren;;;;;;;
qm_sekII;q_additional_452_4;;;Zusatzfragen von anderen Kantonen/Schulen, ignorieren;;;;;;;
qm_sekII;q_additional_452_5;;;Zusatzfragen von anderen Kantonen/Schulen, ignorieren;;;;;;;
qm_sekII;q_additional_452_6;;;Zusatzfragen von anderen Kantonen/Schulen, ignorieren;;;;;;;
qm_sekII;q_additional_453_1;;;Zusatzfragen von anderen Kantonen/Schulen, ignorieren;;;;;;;
qm_sekII;q_additional_453_2;;;Zusatzfragen von anderen Kantonen/Schulen, ignorieren;;;;;;;
qm_sekII;q_additional_453_3;;;Zusatzfragen von anderen Kantonen/Schulen, ignorieren;;;;;;;
qm_sekII;q_additional_453_4;;;Zusatzfragen von anderen Kantonen/Schulen, ignorieren;;;;;;;
qm_sekII;q_additional_453_5;;;Zusatzfragen von anderen Kantonen/Schulen, ignorieren;;;;;;;
qm_sekII;q_additional_453_6;;;Zusatzfragen von anderen Kantonen/Schulen, ignorieren;;;;;;;
qm_sekII;q_additional_467_1;;;Zusatzfragen von anderen Kantonen/Schulen, ignorieren;;;;;;;
qm_sekII;q_additional_467_2;;;Zusatzfragen von anderen Kantonen/Schulen, ignorieren;;;;;;;
qm_sekII;q_additional_4_1;;;Zusatzfragen von anderen Kantonen/Schulen, ignorieren;;;;;;;
qm_sekII;q_additional_4_10;;;Zusatzfragen von anderen Kantonen/Schulen, ignorieren;;;;;;;
qm_sekII;q_additional_4_11;;;Zusatzfragen von anderen Kantonen/Schulen, ignorieren;;;;;;;
qm_sekII;q_additional_4_12;;;Zusatzfragen von anderen Kantonen/Schulen, ignorieren;;;;;;;
qm_sekII;q_additional_4_13;;;Zusatzfragen von anderen Kantonen/Schulen, ignorieren;;;;;;;
qm_sekII;q_additional_4_14;;;Zusatzfragen von anderen Kantonen/Schulen, ignorieren;;;;;;;
qm_sekII;q_additional_4_15;;;Zusatzfragen von anderen Kantonen/Schulen, ignorieren;;;;;;;
qm_sekII;q_additional_4_16;;;Zusatzfragen von anderen Kantonen/Schulen, ignorieren;;;;;;;
qm_sekII;q_additional_4_17;;;Zusatzfragen von anderen Kantonen/Schulen, ignorieren;;;;;;;
qm_sekII;q_additional_4_18;;;Zusatzfragen von anderen Kantonen/Schulen, ignorieren;;;;;;;
qm_sekII;q_additional_4_19;;;Zusatzfragen von anderen Kantonen/Schulen, ignorieren;;;;;;;
qm_sekII;q_additional_4_2;;;Zusatzfragen von anderen Kantonen/Schulen, ignorieren;;;;;;;
qm_sekII;q_additional_4_20;;;Zusatzfragen von anderen Kantonen/Schulen, ignorieren;;;;;;;
qm_sekII;q_additional_4_21;;;Zusatzfragen von anderen Kantonen/Schulen, ignorieren;;;;;;;
qm_sekII;q_additional_4_22;;;Zusatzfragen von anderen Kantonen/Schulen, ignorieren;;;;;;;
qm_sekII;q_additional_4_23;;;Zusatzfragen von anderen Kantonen/Schulen, ignorieren;;;;;;;
qm_sekII;q_additional_4_24;;;Zusatzfragen von anderen Kantonen/Schulen, ignorieren;;;;;;;
qm_sekII;q_additional_4_25;;;Zusatzfragen von anderen Kantonen/Schulen, ignorieren;;;;;;;
qm_sekII;q_additional_4_26;;;Zusatzfragen von anderen Kantonen/Schulen, ignorieren;;;;;;;
qm_sekII;q_additional_4_27;;;Zusatzfragen von anderen Kantonen/Schulen, ignorieren;;;;;;;
qm_sekII;q_additional_4_28;;;Zusatzfragen von anderen Kantonen/Schulen, ignorieren;;;;;;;
qm_sekII;q_additional_4_29;;;Zusatzfragen von anderen Kantonen/Schulen, ignorieren;;;;;;;
qm_sekII;q_additional_4_3;;;Zusatzfragen von anderen Kantonen/Schulen, ignorieren;;;;;;;
qm_sekII;q_additional_4_30;;;Zusatzfragen von anderen Kantonen/Schulen, ignorieren;;;;;;;
qm_sekII;q_additional_4_4;;;Zusatzfragen von anderen Kantonen/Schulen, ignorieren;;;;;;;
qm_sekII;q_additional_4_5;;;Zusatzfragen von anderen Kantonen/Schulen, ignorieren;;;;;;;
qm_sekII;q_additional_4_6;;;Zusatzfragen von anderen Kantonen/Schulen, ignorieren;;;;;;;
qm_sekII;q_additional_4_7;;;Zusatzfragen von anderen Kantonen/Schulen, ignorieren;;;;;;;
qm_sekII;q_additional_4_8;;;Zusatzfragen von anderen Kantonen/Schulen, ignorieren;;;;;;;
qm_sekII;q_additional_4_9;;;Zusatzfragen von anderen Kantonen/Schulen, ignorieren;;;;;;;
qm_sekII;q_additional_543_2;;;Zusatzfragen von anderen Kantonen/Schulen, ignorieren;;;;;;;
qm_sekII;q_additional_543_3;;;Zusatzfragen von anderen Kantonen/Schulen, ignorieren;;;;;;;
qm_sekII;q_additional_544_1;;;Zusatzfragen von anderen Kantonen/Schulen, ignorieren;;;;;;;
qm_sekII;q_additional_544_2;;;Zusatzfragen von anderen Kantonen/Schulen, ignorieren;;;;;;;
qm_sekII;q_additional_545_1;;;Zusatzfragen von anderen Kantonen/Schulen, ignorieren;;;;;;;
qm_sekII;q_additional_545_2;;;Zusatzfragen von anderen Kantonen/Schulen, ignorieren;;;;;;;
qm_sekII;q_additional_5_1;;;Zusatzfragen von anderen Kantonen/Schulen, ignorieren;;;;;;;
qm_sekII;q_additional_5_10;;;Zusatzfragen von anderen Kantonen/Schulen, ignorieren;;;;;;;
qm_sekII;q_additional_5_11;;;Zusatzfragen von anderen Kantonen/Schulen, ignorieren;;;;;;;
qm_sekII;q_additional_5_12;;;Zusatzfragen von anderen Kantonen/Schulen, ignorieren;;;;;;;
qm_sekII;q_additional_5_13;;;Zusatzfragen von anderen Kantonen/Schulen, ignorieren;;;;;;;
qm_sekII;q_additional_5_14;;;Zusatzfragen von anderen Kantonen/Schulen, ignorieren;;;;;;;
qm_sekII;q_additional_5_15;;;Zusatzfragen von anderen Kantonen/Schulen, ignorieren;;;;;;;
qm_sekII;q_additional_5_16;;;Zusatzfragen von anderen Kantonen/Schulen, ignorieren;;;;;;;
qm_sekII;q_additional_5_17;;;Zusatzfragen von anderen Kantonen/Schulen, ignorieren;;;;;;;
qm_sekII;q_additional_5_18;;;Zusatzfragen von anderen Kantonen/Schulen, ignorieren;;;;;;;
qm_sekII;q_additional_5_19;;;Zusatzfragen von anderen Kantonen/Schulen, ignorieren;;;;;;;
qm_sekII;q_additional_5_2;;;Zusatzfragen von anderen Kantonen/Schulen, ignorieren;;;;;;;
qm_sekII;q_additional_5_20;;;Zusatzfragen von anderen Kantonen/Schulen, ignorieren;;;;;;;
qm_sekII;q_additional_5_21;;;Zusatzfragen von anderen Kantonen/Schulen, ignorieren;;;;;;;
qm_sekII;q_additional_5_22;;;Zusatzfragen von anderen Kantonen/Schulen, ignorieren;;;;;;;
qm_sekII;q_additional_5_23;;;Zusatzfragen von anderen Kantonen/Schulen, ignorieren;;;;;;;
qm_sekII;q_additional_5_24;;;Zusatzfragen von anderen Kantonen/Schulen, ignorieren;;;;;;;
qm_sekII;q_additional_5_25;;;Zusatzfragen von anderen Kantonen/Schulen, ignorieren;;;;;;;
qm_sekII;q_additional_5_26;;;Zusatzfragen von anderen Kantonen/Schulen, ignorieren;;;;;;;
qm_sekII;q_additional_5_3;;;Zusatzfragen von anderen Kantonen/Schulen, ignorieren;;;;;;;
qm_sekII;q_additional_5_4;;;Zusatzfragen von anderen Kantonen/Schulen, ignorieren;;;;;;;
qm_sekII;q_additional_5_5;;;Zusatzfragen von anderen Kantonen/Schulen, ignorieren;;;;;;;
qm_sekII;q_additional_5_6;;;Zusatzfragen von anderen Kantonen/Schulen, ignorieren;;;;;;;
qm_sekII;q_additional_5_7;;;Zusatzfragen von anderen Kantonen/Schulen, ignorieren;;;;;;;
qm_sekII;q_additional_5_8;;;Zusatzfragen von anderen Kantonen/Schulen, ignorieren;;;;;;;
qm_sekII;q_additional_5_9;;;Zusatzfragen von anderen Kantonen/Schulen, ignorieren;;;;;;;
qm_sekII;q_additional_606_1;;;Zusatzfragen von anderen Kantonen/Schulen, ignorieren;;;;;;;
qm_sekII;q_additional_606_2;;;Zusatzfragen von anderen Kantonen/Schulen, ignorieren;;;;;;;
qm_sekII;q_additional_606_3;;;Zusatzfragen von anderen Kantonen/Schulen, ignorieren;;;;;;;
qm_sekII;q_additional_607_1;;;Zusatzfragen von anderen Kantonen/Schulen, ignorieren;;;;;;;
qm_sekII;q_additional_607_10;;;Zusatzfragen von anderen Kantonen/Schulen, ignorieren;;;;;;;
qm_sekII;q_additional_607_11;;;Zusatzfragen von anderen Kantonen/Schulen, ignorieren;;;;;;;
qm_sekII;q_additional_607_12;;;Zusatzfragen von anderen Kantonen/Schulen, ignorieren;;;;;;;
qm_sekII;q_additional_607_13;;;Zusatzfragen von anderen Kantonen/Schulen, ignorieren;;;;;;;
qm_sekII;q_additional_607_14;;;Zusatzfragen von anderen Kantonen/Schulen, ignorieren;;;;;;;
qm_sekII;q_additional_607_15;;;Zusatzfragen von anderen Kantonen/Schulen, ignorieren;;;;;;;
qm_sekII;q_additional_607_2;;;Zusatzfragen von anderen Kantonen/Schulen, ignorieren;;;;;;;
qm_sekII;q_additional_607_3;;;Zusatzfragen von anderen Kantonen/Schulen, ignorieren;;;;;;;
qm_sekII;q_additional_607_4;;;Zusatzfragen von anderen Kantonen/Schulen, ignorieren;;;;;;;
qm_sekII;q_additional_607_5;;;Zusatzfragen von anderen Kantonen/Schulen, ignorieren;;;;;;;
qm_sekII;q_additional_607_6;;;Zusatzfragen von anderen Kantonen/Schulen, ignorieren;;;;;;;
qm_sekII;q_additional_607_7;;;Zusatzfragen von anderen Kantonen/Schulen, ignorieren;;;;;;;
qm_sekII;q_additional_607_8;;;Zusatzfragen von anderen Kantonen/Schulen, ignorieren;;;;;;;
qm_sekII;q_additional_607_9;;;Zusatzfragen von anderen Kantonen/Schulen, ignorieren;;;;;;;
qm_sekII;q_additional_608_1;;;Zusatzfragen von anderen Kantonen/Schulen, ignorieren;;;;;;;
qm_sekII;q_additional_608_10;;;Zusatzfragen von anderen Kantonen/Schulen, ignorieren;;;;;;;
qm_sekII;q_additional_608_11;;;Zusatzfragen von anderen Kantonen/Schulen, ignorieren;;;;;;;
qm_sekII;q_additional_608_12;;;Zusatzfragen von anderen Kantonen/Schulen, ignorieren;;;;;;;
qm_sekII;q_additional_608_13;;;Zusatzfragen von anderen Kantonen/Schulen, ignorieren;;;;;;;
qm_sekII;q_additional_608_14;;;Zusatzfragen von anderen Kantonen/Schulen, ignorieren;;;;;;;
qm_sekII;q_additional_608_2;;;Zusatzfragen von anderen Kantonen/Schulen, ignorieren;;;;;;;
qm_sekII;q_additional_608_3;;;Zusatzfragen von anderen Kantonen/Schulen, ignorieren;;;;;;;
qm_sekII;q_additional_608_4;;;Zusatzfragen von anderen Kantonen/Schulen, ignorieren;;;;;;;
qm_sekII;q_additional_608_5;;;Zusatzfragen von anderen Kantonen/Schulen, ignorieren;;;;;;;
qm_sekII;q_additional_608_6;;;Zusatzfragen von anderen Kantonen/Schulen, ignorieren;;;;;;;
qm_sekII;q_additional_608_7;;;Zusatzfragen von anderen Kantonen/Schulen, ignorieren;;;;;;;
qm_sekII;q_additional_608_8;;;Zusatzfragen von anderen Kantonen/Schulen, ignorieren;;;;;;;
qm_sekII;q_additional_608_9;;;Zusatzfragen von anderen Kantonen/Schulen, ignorieren;;;;;;;
qm_sekII;q_additional_623_1;;;Zusatzfragen von anderen Kantonen/Schulen, ignorieren;;;;;;;
qm_sekII;q_additional_623_2;;;Zusatzfragen von anderen Kantonen/Schulen, ignorieren;;;;;;;
qm_sekII;q_additional_623_3;;;Zusatzfragen von anderen Kantonen/Schulen, ignorieren;;;;;;;
qm_sekII;q_additional_623_4;;;Zusatzfragen von anderen Kantonen/Schulen, ignorieren;;;;;;;
qm_sekII;q_additional_624_1;;;Zusatzfragen von anderen Kantonen/Schulen, ignorieren;;;;;;;
qm_sekII;q_additional_624_2;;;Zusatzfragen von anderen Kantonen/Schulen, ignorieren;;;;;;;
qm_sekII;q_additional_624_3;;;Zusatzfragen von anderen Kantonen/Schulen, ignorieren;;;;;;;
qm_sekII;q_additional_71_1;;;Zusatzfragen von anderen Kantonen/Schulen, ignorieren;;;;;;;
qm_sekII;q_additional_71_2;;;Zusatzfragen von anderen Kantonen/Schulen, ignorieren;;;;;;;
qm_sekII;q_additional_71_3;;;Zusatzfragen von anderen Kantonen/Schulen, ignorieren;;;;;;;
qm_sekII;q_additional_71_4;;;Zusatzfragen von anderen Kantonen/Schulen, ignorieren;;;;;;;
qm_sekII;q_additional_71_5;;;Zusatzfragen von anderen Kantonen/Schulen, ignorieren;;;;;;;
qm_sekII;q_additional_71_6;;;Zusatzfragen von anderen Kantonen/Schulen, ignorieren;;;;;;;
qm_sekII;q_additional_72_1;;;Zusatzfragen von anderen Kantonen/Schulen, ignorieren;;;;;;;
qm_sekII;q_additional_72_2;;;Zusatzfragen von anderen Kantonen/Schulen, ignorieren;;;;;;;
qm_sekII;q_additional_72_3;;;Zusatzfragen von anderen Kantonen/Schulen, ignorieren;;;;;;;
qm_sekII;q_additional_72_4;;;Zusatzfragen von anderen Kantonen/Schulen, ignorieren;;;;;;;
qm_sekII;q_additional_72_5;;;Zusatzfragen von anderen Kantonen/Schulen, ignorieren;;;;;;;
qm_sekII;q_additional_72_6;;;Zusatzfragen von anderen Kantonen/Schulen, ignorieren;;;;;;;
qm_sekII;q_additional_73_1;;;Zusatzfragen von anderen Kantonen/Schulen, ignorieren;;;;;;;
qm_sekII;q_additional_73_2;;;Zusatzfragen von anderen Kantonen/Schulen, ignorieren;;;;;;;
qm_sekII;q_additional_73_3;;;Zusatzfragen von anderen Kantonen/Schulen, ignorieren;;;;;;;
qm_sekII;q_additional_73_4;;;Zusatzfragen von anderen Kantonen/Schulen, ignorieren;;;;;;;
qm_sekII;q_additional_73_5;;;Zusatzfragen von anderen Kantonen/Schulen, ignorieren;;;;;;;
qm_sekII;q_additional_73_6;;;Zusatzfragen von anderen Kantonen/Schulen, ignorieren;;;;;;;
qm_sekII;q_additional_76_1;;;Zusatzfragen von anderen Kantonen/Schulen, ignorieren;;;;;;;
qm_sekII;q_additional_76_2;;;Zusatzfragen von anderen Kantonen/Schulen, ignorieren;;;;;;;
qm_sekII;q_additional_76_3;;;Zusatzfragen von anderen Kantonen/Schulen, ignorieren;;;;;;;
qm_sekII;q_additional_76_4;;;Zusatzfragen von anderen Kantonen/Schulen, ignorieren;;;;;;;
qm_sekII;q_additional_76_5;;;Zusatzfragen von anderen Kantonen/Schulen, ignorieren;;;;;;;
qm_sekII;q_additional_76_6;;;Zusatzfragen von anderen Kantonen/Schulen, ignorieren;;;;;;;
qm_sekII;q_additional_7_1;;;Zusatzfragen von anderen Kantonen/Schulen, ignorieren;;;;;;;
qm_sekII;q_additional_7_2;;;Zusatzfragen von anderen Kantonen/Schulen, ignorieren;;;;;;;
qm_sekII;q_additional_7_3;;;Zusatzfragen von anderen Kantonen/Schulen, ignorieren;;;;;;;
qm_sekII;q_additional_7_4;;;Zusatzfragen von anderen Kantonen/Schulen, ignorieren;;;;;;;
qm_sekII;q_additional_7_5;;;Zusatzfragen von anderen Kantonen/Schulen, ignorieren;;;;;;;
qm_sekII;q_additional_9_1;;;Zusatzfragen von anderen Kantonen/Schulen, ignorieren;;;;;;;
qm_sekII;q_additional_9_10;;;Zusatzfragen von anderen Kantonen/Schulen, ignorieren;;;;;;;
qm_sekII;q_additional_9_11;;;Zusatzfragen von anderen Kantonen/Schulen, ignorieren;;;;;;;
qm_sekII;q_additional_9_12;;;Zusatzfragen von anderen Kantonen/Schulen, ignorieren;;;;;;;
qm_sekII;q_additional_9_2;;;Zusatzfragen von anderen Kantonen/Schulen, ignorieren;;;;;;;
qm_sekII;q_additional_9_3;;;Zusatzfragen von anderen Kantonen/Schulen, ignorieren;;;;;;;
qm_sekII;q_additional_9_4;;;Zusatzfragen von anderen Kantonen/Schulen, ignorieren;;;;;;;
qm_sekII;q_additional_9_5;;;Zusatzfragen von anderen Kantonen/Schulen, ignorieren;;;;;;;
qm_sekII;q_additional_9_6;;;Zusatzfragen von anderen Kantonen/Schulen, ignorieren;;;;;;;
qm_sekII;q_additional_9_7;;;Zusatzfragen von anderen Kantonen/Schulen, ignorieren;;;;;;;
qm_sekII;q_additional_9_8;;;Zusatzfragen von anderen Kantonen/Schulen, ignorieren;;;;;;;
qm_sekII;q_additional_9_9;;;Zusatzfragen von anderen Kantonen/Schulen, ignorieren;;;;;;;
qm_sekII;school_code;;;Nummer der Schule in ZEM CES Software. ;;;;;;aktiv;
qm_sekII;school_name;;;Offizieller Schulname;;Einzelitem: Schulname;;;;aktiv;
qm_sekII;school_type;;;Schultyp;;Einzelitem: Schultyp;;;;aktiv;school_type
qm_sekII;sprach_alba;Statistische Angaben;;Welche Sprache haben Sie in Ihrer Familie zuerst gelernt (Muttersprache)? Wenn Sie zweisprachig sind, kreuzen Sie bitte 2 Felder an.,;Albanisch;Item-Gruppe: Muttersprache;;;Liste gemäss Angaben des Bundesamtes für Statistik, Üblicherweise zuhause gesprochene Sprache, 2012;aktiv;kreuz
qm_sekII;sprach_andere;Statistische Angaben;;Welche Sprache haben Sie in Ihrer Familie zuerst gelernt (Muttersprache)? Wenn Sie zweisprachig sind, kreuzen Sie bitte 2 Felder an.,;andere Sprache;Item-Gruppe: Muttersprache;;;Liste gemäss Angaben des Bundesamtes für Statistik, Üblicherweise zuhause gesprochene Sprache, 2012;aktiv;kreuz
qm_sekII;sprach_de;Statistische Angaben;;Welche Sprache haben Sie in Ihrer Familie zuerst gelernt (Muttersprache)? Wenn Sie zweisprachig sind, kreuzen Sie bitte 2 Felder an.,;Deutsch/Schweizerdeutsch;Item-Gruppe: Muttersprache;;;Liste gemäss Angaben des Bundesamtes für Statistik, Üblicherweise zuhause gesprochene Sprache, 2012;aktiv;kreuz
qm_sekII;sprach_en;Statistische Angaben;;Welche Sprache haben Sie in Ihrer Familie zuerst gelernt (Muttersprache)? Wenn Sie zweisprachig sind, kreuzen Sie bitte 2 Felder an.,;Englisch;Item-Gruppe: Muttersprache;;;Liste gemäss Angaben des Bundesamtes für Statistik, Üblicherweise zuhause gesprochene Sprache, 2011;aktiv;kreuz
qm_sekII;sprach_es;Statistische Angaben;;Welche Sprache haben Sie in Ihrer Familie zuerst gelernt (Muttersprache)? Wenn Sie zweisprachig sind, kreuzen Sie bitte 2 Felder an.,;Spanisch;Item-Gruppe: Muttersprache;;;Liste gemäss Angaben des Bundesamtes für Statistik, Üblicherweise zuhause gesprochene Sprache, 2012;aktiv;kreuz
qm_sekII;sprach_fr;Statistische Angaben;;Welche Sprache haben Sie in Ihrer Familie zuerst gelernt (Muttersprache)? Wenn Sie zweisprachig sind, kreuzen Sie bitte 2 Felder an.,;Französisch;Item-Gruppe: Muttersprache;;;Liste gemäss Angaben des Bundesamtes für Statistik, Üblicherweise zuhause gesprochene Sprache, 2012;aktiv;kreuz
qm_sekII;sprach_it;Statistische Angaben;;Welche Sprache haben Sie in Ihrer Familie zuerst gelernt (Muttersprache)? Wenn Sie zweisprachig sind, kreuzen Sie bitte 2 Felder an.,;Italienisch;Item-Gruppe: Muttersprache;;;Liste gemäss Angaben des Bundesamtes für Statistik, Üblicherweise zuhause gesprochene Sprache, 2012;aktiv;kreuz
qm_sekII;sprach_por;Statistische Angaben;;Welche Sprache haben Sie in Ihrer Familie zuerst gelernt (Muttersprache)? Wenn Sie zweisprachig sind, kreuzen Sie bitte 2 Felder an.,;Portugiesisch;Item-Gruppe: Muttersprache;;;Liste gemäss Angaben des Bundesamtes für Statistik, Üblicherweise zuhause gesprochene Sprache, 2012;aktiv;kreuz
qm_sekII;sprach_rr;Statistische Angaben;;Welche Sprache haben Sie in Ihrer Familie zuerst gelernt (Muttersprache)? Wenn Sie zweisprachig sind, kreuzen Sie bitte 2 Felder an.,;Rätoromanisch;Item-Gruppe: Muttersprache;;;Liste gemäss Angaben des Bundesamtes für Statistik, Üblicherweise zuhause gesprochene Sprache, 2012;aktiv;kreuz
qm_sekII;sprach_serb;Statistische Angaben;;Welche Sprache haben Sie in Ihrer Familie zuerst gelernt (Muttersprache)? Wenn Sie zweisprachig sind, kreuzen Sie bitte 2 Felder an.,;Serbisch / Kroatisch / Bosnisch / Montenegrinisch;Item-Gruppe: Muttersprache;;;Liste gemäss Angaben des Bundesamtes für Statistik, Üblicherweise zuhause gesprochene Sprache, 2012;aktiv;kreuz
qm_sekII;tis_lehrp_bera;Wahlmodul zum Digitalen Wandel;;Wie gehen Ihre Lehrpersonen mit digitalen Medien um? Unsere Lehrpersonen…;... können uns beim Lernen mit digitalen Medien gut beraten.;Skala: Wie gehen Ihre Lehrpersonen mit digitalen Medien um?;;Mean, Ausschluss wenn Missings >2;Petko, 2020;aktiv;likert6_zutreffen
qm_sekII;tis_lehrp_faecher;Wahlmodul zum Digitalen Wandel;;Wie gehen Ihre Lehrpersonen mit digitalen Medien um? Unsere Lehrpersonen…;... setzen digitale Medien in ihren Fächern passend ein.;Skala: Wie gehen Ihre Lehrpersonen mit digitalen Medien um?;;Mean, Ausschluss wenn Missings >2;Petko, 2020;aktiv;likert6_zutreffen
qm_sekII;tis_lehrp_konz;Wahlmodul zum Digitalen Wandel;;Wie gehen Ihre Lehrpersonen mit digitalen Medien um? Unsere Lehrpersonen…;... setzen digitale Medien so ein, dass wir konzentriert mitarbeiten.;Skala: Wie gehen Ihre Lehrpersonen mit digitalen Medien um?;;Mean, Ausschluss wenn Missings >2;Petko, 2020;aktiv;likert6_zutreffen
qm_sekII;tis_lehrp_pos;Wahlmodul zum Digitalen Wandel;;Wie gehen Ihre Lehrpersonen mit digitalen Medien um? Unsere Lehrpersonen…;... sind digitalen Medien gegenüber positiv eingestellt.;Skala: Wie gehen Ihre Lehrpersonen mit digitalen Medien um?;;Mean, Ausschluss wenn Missings >2;Petko, 2020;aktiv;likert6_zutreffen
qm_sekII;tis_lehrp_umge;Wahlmodul zum Digitalen Wandel;;Wie gehen Ihre Lehrpersonen mit digitalen Medien um? Unsere Lehrpersonen…;... können mit digitalen Medien gut umgehen.;Skala: Wie gehen Ihre Lehrpersonen mit digitalen Medien um?;;Mean, Ausschluss wenn Missings >2;Petko, 2020;aktiv;likert6_zutreffen
qm_sekII;tis_lern_gefahr;Wahlmodul zum Digitalen Wandel;;Wie viel haben Sie in der Schule über den Umgang mit digitalen Medien gelernt? Ich habe in der Schule etwas darüber gelernt, …;... wie ich Auswirkungen und Gefahren digitaler Medien erkenne.;Skala: Wie viel haben Sie in der Schule über den Umgang mit digitalen Medien gelernt?;;Mean, Ausschluss wenn Missings >2;"Chai, Koh, & Tsai, 2013; Gesellschaft für Informatik, 2016";aktiv;likert6_lernen
qm_sekII;tis_lern_schul;Wahlmodul zum Digitalen Wandel;;Wie viel haben Sie in der Schule über den Umgang mit digitalen Medien gelernt? Ich habe in der Schule etwas darüber gelernt, …;... wie ich digitale Medien für schulische Aufträge nutze.;Skala: Wie viel haben Sie in der Schule über den Umgang mit digitalen Medien gelernt?;;Mean, Ausschluss wenn Missings >2;"Chai, Koh, & Tsai, 2013; Gesellschaft für Informatik, 2016";aktiv;likert6_lernen
qm_sekII;tis_lern_selbst;Wahlmodul zum Digitalen Wandel;;Wie viel haben Sie in der Schule über den Umgang mit digitalen Medien gelernt? Ich habe in der Schule etwas darüber gelernt, …;... wie ich digitale Medien nutze, um selbstständig zu lernen.;Skala: Wie viel haben Sie in der Schule über den Umgang mit digitalen Medien gelernt?;;Mean, Ausschluss wenn Missings >2;"Chai, Koh, & Tsai, 2013; Gesellschaft für Informatik, 2016";aktiv;likert6_lernen
qm_sekII;tis_lern_tools;Wahlmodul zum Digitalen Wandel;;Wie viel haben Sie in der Schule über den Umgang mit digitalen Medien gelernt? Ich habe in der Schule etwas darüber gelernt, …;... wie digitale Tools technisch funktionieren (Informatik, Programmierung);Skala: Wie viel haben Sie in der Schule über den Umgang mit digitalen Medien gelernt?;;Mean, Ausschluss wenn Missings >2;"Chai, Koh, & Tsai, 2013; Gesellschaft für Informatik, 2016";aktiv;likert6_lernen
qm_sekII;tis_lern_zweck;Wahlmodul zum Digitalen Wandel;;Wie viel haben Sie in der Schule über den Umgang mit digitalen Medien gelernt? Ich habe in der Schule etwas darüber gelernt, …;... wie ich digitale Medien für private Zwecke nutze.;Skala: Wie viel haben Sie in der Schule über den Umgang mit digitalen Medien gelernt?;;Mean, Ausschluss wenn Missings >2;"Chai, Koh, & Tsai, 2013; Gesellschaft für Informatik, 2016";aktiv;likert6_lernen
qm_sekII;tis_unt_eff;Wahlmodul zum Digitalen Wandel;;Wie nützlich sind für Sie digitale Medien im Unterricht? An unserer Schule werden digitale Medien so eingesetzt, dass …;... ich vieles für die Schule effizienter erledigen kann.;Skala: Wie nützlich sind für Sie digitale Medien im Unterricht?;;Mean, Ausschluss wenn Missings >1;"Davis, 1989; Venkatesh, Thong, & Xu, 2016";aktiv;likert6_zutreffen
qm_sekII;tis_unt_lern;Wahlmodul zum Digitalen Wandel;;Wie nützlich sind für Sie digitale Medien im Unterricht? An unserer Schule werden digitale Medien so eingesetzt, dass …;... ich im Unterricht besser lernen kann.;Skala: Wie nützlich sind für Sie digitale Medien im Unterricht?;;Mean, Ausschluss wenn Missings >1;"Davis, 1989; Venkatesh, Thong, & Xu, 2016";aktiv;likert6_zutreffen
qm_sekII;tis_unt_span;Wahlmodul zum Digitalen Wandel;;Wie nützlich sind für Sie digitale Medien im Unterricht? An unserer Schule werden digitale Medien so eingesetzt, dass …;... der Unterricht interessanter wird.;Skala: Wie nützlich sind für Sie digitale Medien im Unterricht?;;Mean, Ausschluss wenn Missings >1;"Davis, 1989; Venkatesh, Thong, & Xu, 2016";aktiv;likert6_zutreffen
qm_sekII;tis_verw_disk;Wahlmodul zum Digitalen Wandel;;Wie werden digitalen Medien (z.B. Notebooks, Tablets, Smartphones) im Unterricht verwendet? Wir verwenden digitale Medien im Unterricht …;... für Gruppenarbeiten und Diskussionen (z.B. Chats, Online-Foren, Videokonferenzen, Dokumente gemeinsam bearbeiten);Skala: Wie werden digitalen Medien (z.B. Notebooks, Tablets, Smartphones) im Unterricht verwendet?;;Mean, Ausschluss wenn Missings >3;"Chi & Wylie, 2014; Petko, 2020";aktiv;likert6_freq
qm_sekII;tis_verw_erkl;Wahlmodul zum Digitalen Wandel;;Wie werden digitalen Medien (z.B. Notebooks, Tablets, Smartphones) im Unterricht verwendet? Wir verwenden digitale Medien im Unterricht …;... um etwas gezeigt oder erklärt zu bekommen (z.B. mit Präsentationen, Lernvideos, Wikipedia);Skala: Wie werden digitalen Medien (z.B. Notebooks, Tablets, Smartphones) im Unterricht verwendet?;;Mean, Ausschluss wenn Missings >3;"Chi & Wylie, 2014; Petko, 2020";aktiv;likert6_freq
qm_sekII;tis_verw_kont;Wahlmodul zum Digitalen Wandel;;Wie werden digitalen Medien (z.B. Notebooks, Tablets, Smartphones) im Unterricht verwendet? Wir verwenden digitale Medien im Unterricht …;... für Lernkontrollen und Prüfungen (z.B. Selbsttests, Quiz, Online-Prüfungen);Skala: Wie werden digitalen Medien (z.B. Notebooks, Tablets, Smartphones) im Unterricht verwendet?;;Mean, Ausschluss wenn Missings >3;"Chi & Wylie, 2014; Petko, 2020";aktiv;likert6_freq
qm_sekII;tis_verw_lern;Wahlmodul zum Digitalen Wandel;;Wie werden digitalen Medien (z.B. Notebooks, Tablets, Smartphones) im Unterricht verwendet? Wir verwenden digitale Medien im Unterricht …;... um Gelerntes zu üben und anzuwenden (z.B. Lernaufgaben, Lernsoftware);Skala: Wie werden digitalen Medien (z.B. Notebooks, Tablets, Smartphones) im Unterricht verwendet?;;Mean, Ausschluss wenn Missings >3;"Chi & Wylie, 2014; Petko, 2020";aktiv;likert6_freq
qm_sekII;tis_verw_plan;Wahlmodul zum Digitalen Wandel;;Wie werden digitalen Medien (z.B. Notebooks, Tablets, Smartphones) im Unterricht verwendet? Wir verwenden digitale Medien im Unterricht …;... um für die Schule zu planen und zu organisieren (z.B. mit Kalender, Lernplattform, Moodle, Teams);Skala: Wie werden digitalen Medien (z.B. Notebooks, Tablets, Smartphones) im Unterricht verwendet?;;Mean, Ausschluss wenn Missings >3;"Chi & Wylie, 2014; Petko, 2020";aktiv;likert6_freq
qm_sekII;tis_verw_prod;Wahlmodul zum Digitalen Wandel;;Wie werden digitalen Medien (z.B. Notebooks, Tablets, Smartphones) im Unterricht verwendet? Wir verwenden digitale Medien im Unterricht …;... um eigene Produkte herzustellen (z.B. Texte, Tabellen, Bilder, Videos, Programmierung);Skala: Wie werden digitalen Medien (z.B. Notebooks, Tablets, Smartphones) im Unterricht verwendet?;;Mean, Ausschluss wenn Missings >3;"Chi & Wylie, 2014; Petko, 2020";aktiv;likert6_freq
qm_sekII;tis_vorr_andere;Wahlmodul zum Digitalen Wandel;;Wie beurteilen Sie die Voraussetzungen zur Nutzung von digitalen Medien an Ihrer Schule?;Unterstützung durch andere Schülerinnen und Schüler;Skala: Wie beurteilen Sie die Voraussetzungen zur Nutzung von digitalen Medien an Ihrer Schule?;;;"Christensen & Knezek, 2001; Petko, 2020";aktiv;likert6_schlecht_gut
qm_sekII;tis_vorr_eltern;Wahlmodul zum Digitalen Wandel;;Wie beurteilen Sie die Voraussetzungen zur Nutzung von digitalen Medien an Ihrer Schule?;Unterstützung durch meine Eltern;Skala: Wie beurteilen Sie die Voraussetzungen zur Nutzung von digitalen Medien an Ihrer Schule?;;;"Christensen & Knezek, 2001; Petko, 2020";aktiv;likert6_schlecht_gut
qm_sekII;tis_vorr_inter;Wahlmodul zum Digitalen Wandel;;Wie beurteilen Sie die Voraussetzungen zur Nutzung von digitalen Medien an Ihrer Schule?;Internetzugang in der Schule;Skala: Wie beurteilen Sie die Voraussetzungen zur Nutzung von digitalen Medien an Ihrer Schule?;;;"Christensen & Knezek, 2001; Petko, 2020";aktiv;likert6_schlecht_gut
qm_sekII;tis_vorr_soft;Wahlmodul zum Digitalen Wandel;;Wie beurteilen Sie die Voraussetzungen zur Nutzung von digitalen Medien an Ihrer Schule?;Von der Schule zur Verfügung gestellte Software und Plattformen;Skala: Wie beurteilen Sie die Voraussetzungen zur Nutzung von digitalen Medien an Ihrer Schule?;;;"Christensen & Knezek, 2001; Petko, 2020";aktiv;likert6_schlecht_gut
qm_sekII;tis_vorr_support;Wahlmodul zum Digitalen Wandel;;Wie beurteilen Sie die Voraussetzungen zur Nutzung von digitalen Medien an Ihrer Schule?;Unterstützung durch unseren IT-Support;Skala: Wie beurteilen Sie die Voraussetzungen zur Nutzung von digitalen Medien an Ihrer Schule?;;;"Christensen & Knezek, 2001; Petko, 2020";aktiv;likert6_schlecht_gut
qm_sekII;tis_vorr_unterstlp;Wahlmodul zum Digitalen Wandel;;Wie beurteilen Sie die Voraussetzungen zur Nutzung von digitalen Medien an Ihrer Schule?;Unterstützung durch meine Lehrpersonen;Skala: Wie beurteilen Sie die Voraussetzungen zur Nutzung von digitalen Medien an Ihrer Schule?;;;"Christensen & Knezek, 2001; Petko, 2020";aktiv;likert6_schlecht_gut
qm_sekII;wave_id;;;Nummer für die Umfragewelle SAB oder SEB mit Jahrgang;;;;;;aktiv;
qm_sekII;wave_name;;;Bezeichnung der Umfragewelle, z.B. SAB 2025;;;;;;aktiv;
